{
  "format_version": "1.12",
  "minecraft:recipe_shaped": {
    "description": {
      "identifier": "mob_killer_bddbf88e"
    },
    "tags": [
      "crafting_table"
    ],
    "pattern": [
      "ABA",
      "CDC",
      "ABA"
    ],
    "key": {
      "A": {
        "item": "blackhole:redhole",
        "data": 0
      },
      "B": {
        "item": "blackhole:blackhole_block",
        "data": 0
      },
      "C": {
        "item": "blackhole:whitehole",
        "data": 0
      },
      "D": {
        "item": "blackhole:compress_redhole",
        "data": 0
      }
    },
    "result": {
      "item": "blackhole:mob_killer",
      "count": 1
    }
  }
}