{
  "format_version": "1.12",
  "minecraft:recipe_shaped": {
    "description": {
      "identifier": "infinity_nether_star_6537ac4d"
    },
    "tags": [
      "crafting_table"
    ],
    "pattern": [
      "AAA",
      "BBB",
      "CBC"
    ],
    "key": {
      "A": {
        "item": "minecraft:skull",
        "data": 1
      },
      "B": {
        "item": "minecraft:netherstar",
        "data": 0
      },
      "C": {
        "item": "minecraft:netherite_scrap",
        "data": 0
      }
    },
    "result": {
      "item": "blackhole:infinity_nether_star",
      "count": 1
    }
  }
}