{
  "format_version": "1.12",
  "minecraft:recipe_shaped": {
    "description": {
      "identifier": "redhole_3b15c62f"
    },
    "tags": [
      "crafting_table"
    ],
    "pattern": [
      "ABC",
      "DEB",
      "FDA"
    ],
    "key": {
      "A": {
        "item": "minecraft:quartz",
        "data": 0
      },
      "B": {
        "item": "blackhole:orangehole",
        "data": 0
      },
      "C": {
        "item": "minecraft:netherstar",
        "data": 0
      },
      "D": {
        "item": "blackhole:whitehole",
        "data": 0
      },
      "E": {
        "item": "blackhole:blackhole",
        "data": 0
      },
      "F": {
        "item": "minecraft:diamond_block",
        "data": 0
      }
    },
    "result": {
      "item": "blackhole:redhole",
      "count": 4
    }
  }
}