{
  "format_version": "1.12",
  "minecraft:recipe_shaped": {
    "description": {
      "identifier": "blackhole_necklace_b2867487"
    },
    "tags": [
      "crafting_table"
    ],
    "pattern": [
      "ABA",
      "BCB",
      "BBA"
    ],
    "key": {
      "A": {
        "item": "blackhole:blackhole_string",
        "data": 0
      },
      "B": {
        "item": "blackhole:blackhole",
        "data": 0
      },
      "C": {
        "item": "blackhole:dark_necklace_1",
        "data": 0
      }
    },
    "result": {
      "item": "blackhole:blackhole_necklace",
      "count": 1
    }
  }
}