{
  "format_version": "1.12",
  "minecraft:recipe_shaped": {
    "description": {
      "identifier": "indigohole_b8ebbdad"
    },
    "tags": [
      "crafting_table"
    ],
    "pattern": [
      "ABA",
      "BCB",
      "DDD"
    ],
    "key": {
      "A": {
        "item": "minecraft:heart_of_the_sea",
        "data": 0
      },
      "B": {
        "item": "blackhole:whitehole",
        "data": 0
      },
      "C": {
        "item": "blackhole:violethole",
        "data": 0
      },
      "D": {
        "item": "blackhole:blackhole",
        "data": 0
      }
    },
    "result": {
      "item": "blackhole:indigohole",
      "count": 3
    }
  }
}