{
  "format_version": "1.12",
  "minecraft:recipe_shaped": {
    "description": {
      "identifier": "blackhole_string_4bf6b74a"
    },
    "tags": [
      "crafting_table"
    ],
    "pattern": [
      "A",
      "B",
      "C"
    ],
    "key": {
      "A": {
        "item": "blackhole:dark_shard",
        "data": 0
      },
      "B": {
        "item": "minecraft:string",
        "data": 0
      },
      "C": {
        "item": "blackhole:blackhole",
        "data": 0
      }
    },
    "result": {
      "item": "blackhole:blackhole_string",
      "count": 3
    }
  }
}