{
  "format_version": "1.12",
  "minecraft:recipe_shaped": {
    "description": {
      "identifier": "blackhole_bow_8b6895ab"
    },
    "tags": [
      "crafting_table"
    ],
    "pattern": [
      " AB",
      "ACD",
      " AB"
    ],
    "key": {
      "A": {
        "item": "blackhole:dark_shard",
        "data": 0
      },
      "B": {
        "item": "minecraft:blaze_rod",
        "data": 0
      },
      "C": {
        "item": "blackhole:blackhole",
        "data": 0
      },
      "D": {
        "item": "minecraft:netherstar",
        "data": 0
      }
    },
    "result": {
      "item": "blackhole:blackhole_bow",
      "count": 1
    }
  }
}