{
  "format_version": "1.12",
  "minecraft:recipe_shaped": {
    "description": {
      "identifier": "blackhole_battle_sword_99a70dba"
    },
    "tags": [
      "crafting_table"
    ],
    "pattern": [
      "ABA",
      "ABA",
      "CDC"
    ],
    "key": {
      "A": {
        "item": "blackhole:blackhole",
        "data": 0
      },
      "B": {
        "item": "blackhole:dark_shard",
        "data": 0
      },
      "C": {
        "item": "minecraft:heart_of_the_sea",
        "data": 0
      },
      "D": {
        "item": "minecraft:netherstar",
        "data": 0
      }
    },
    "result": {
      "item": "blackhole:blackhole_battle_sword",
      "count": 1
    }
  }
}