{
  "format_version": "1.12",
  "minecraft:recipe_shaped": {
    "description": {
      "identifier": "blackhole_blowgun_6fb4f0ba"
    },
    "tags": [
      "crafting_table"
    ],
    "pattern": [
      " AB",
      "CDA",
      "BC "
    ],
    "key": {
      "A": {
        "item": "blackhole:blackhole_bomb",
        "data": 0
      },
      "B": {
        "item": "blackhole:dark_shard",
        "data": 0
      },
      "C": {
        "item": "blackhole:blackhole",
        "data": 0
      },
      "D": {
        "item": "blackhole:blackhole_string",
        "data": 0
      }
    },
    "result": {
      "item": "blackhole:blackhole_blowgun",
      "count": 1
    }
  }
}