{
  "format_version": "1.12",
  "minecraft:recipe_shaped": {
    "description": {
      "identifier": "blueblackhole_2062393c"
    },
    "tags": [
      "crafting_table"
    ],
    "pattern": [
      "AAA",
      "BCB",
      "DED"
    ],
    "key": {
      "A": {
        "item": "blackhole:violethole",
        "data": 0
      },
      "B": {
        "item": "minecraft:diamond",
        "data": 0
      },
      "C": {
        "item": "blackhole:indigohole",
        "data": 0
      },
      "D": {
        "item": "blackhole:whitehole",
        "data": 0
      },
      "E": {
        "item": "minecraft:netherstar",
        "data": 0
      }
    },
    "result": {
      "item": "blackhole:blueblackhole",
      "count": 4
    }
  }
}