{
  "format_version": "1.12",
  "minecraft:recipe_shaped": {
    "description": {
      "identifier": "blackhole_glass_0f502a72"
    },
    "tags": [
      "crafting_table"
    ],
    "pattern": [
      " A ",
      "ABA",
      " A "
    ],
    "key": {
      "A": {
        "item": "blackhole:dark_shard",
        "data": 0
      },
      "B": {
        "item": "minecraft:glass",
        "data": 0
      }
    },
    "result": {
      "item": "blackhole:blackhole_glass",
      "count": 5
    }
  }
}