{
  "format_version": "1.12",
  "minecraft:recipe_shaped": {
    "description": {
      "identifier": "alex_bow_a4e7f13f"
    },
    "tags": [
      "crafting_table"
    ],
    "pattern": [
      " AB",
      "CDB",
      " AB"
    ],
    "key": {
      "A": {
        "item": "blackhole:rainbow_dark_shard",
        "data": 0
      },
      "B": {
        "item": "blackhole:blackhole_string",
        "data": 0
      },
      "C": {
        "item": "blackhole:rainbowhole",
        "data": 0
      },
      "D": {
        "item": "blackhole:blackhole_bow",
        "data": 0
      }
    },
    "result": {
      "item": "blackhole:alex_bow",
      "count": 1
    }
  }
}