{
  "format_version": "1.12",
  "minecraft:recipe_shaped": {
    "description": {
      "identifier": "blackhole_trap_second_poison_fb5a2b8b"
    },
    "tags": [
      "crafting_table"
    ],
    "pattern": [
      "AAA",
      "ABA",
      "AAA"
    ],
    "key": {
      "A": {
        "item": "minecraft:redstone",
        "data": 0
      },
      "B": {
        "item": "blackhole:blackhole_trap_poison",
        "data": 0
      }
    },
    "result": {
      "item": "blackhole:blackhole_trap_second_poison",
      "count": 1
    }
  }
}