{
  "format_version": "1.12",
  "minecraft:recipe_shaped": {
    "description": {
      "identifier": "steve_sword_73197218"
    },
    "tags": [
      "crafting_table"
    ],
    "pattern": [
      "A",
      "B",
      "C"
    ],
    "key": {
      "A": {
        "item": "blackhole:rainbowhole",
        "data": 0
      },
      "B": {
        "item": "blackhole:rainbow_dark_shard",
        "data": 0
      },
      "C": {
        "item": "blackhole:blackhole_battle_sword",
        "data": 0
      }
    },
    "result": {
      "item": "blackhole:steve_sword",
      "count": 1
    }
  }
}