{
  "format_version": "1.12",
  "minecraft:recipe_shapeless": {
    "description": {
      "identifier": "recipes_fb73fffe"
    },
    "tags": [
      "crafting_table"
    ],
    "ingredients": [
      {
        "item": "minecraft:cobblestone",
        "data": 0
      },
      {
        "item": "minecraft:stone",
        "data": 0
      },
      {
        "item": "minecraft:stone",
        "data": 0
      },
      {
        "item": "minecraft:cobblestone",
        "data": 0
      }
    ],
    "result": {
      "item": "blackhole:dark_stone",
      "count": 2
    }
  }
}