{
  "format_version": "1.12",
  "minecraft:recipe_shaped": {
    "description": {
      "identifier": "recipes_6512d8c0"
    },
    "tags": [
      "crafting_table"
    ],
    "pattern": [
      "ABA",
      "BCB",
      "ABA"
    ],
    "key": {
      "A": {
        "item": "minecraft:slime_ball",
        "data": 0
      },
      "B": {
        "item": "blackhole:blackhole",
        "data": 0
      },
      "C": {
        "item": "blackhole:compress_whitehole",
        "data": 0
      }
    },
    "result": {
      "item": "minecraft:spawn_egg",
      "count": 1,
      "data": "query.get_actor_info_id('blackhole:white_hole_cube')"
    }
  }
}