{
  "format_version": "1.12",
  "minecraft:recipe_shapeless": {
    "description": {
      "identifier": "recipes_54d6806a"
    },
    "tags": [
      "crafting_table"
    ],
    "ingredients": [
      {
        "item": "blackhole:blackhole_shard",
        "data": 0
      },
      {
        "item": "blackhole:blackhole_shard",
        "data": 0
      },
      {
        "item": "blackhole:blackhole_shard",
        "data": 0
      },
      {
        "item": "blackhole:blackhole_shard",
        "data": 0
      }
    ],
    "result": {
      "item": "blackhole:blackhole",
      "count": 1
    }
  }
}