{
	"format_version": "1.8.0",
	"animations": {
		"animation.ChaosSickle.item": {
			"loop": true,
			"bones": {
			    "magic": {
			        "scale": [2.5, 2.5, 2.5],
			        "rotation": {
			        "0.0": [0, 0, 0],
			        "1.0333": [0, 360, 0]
			        }
			    },
				"root": {
					"rotation": [0, "query.get_equipped_item_name=='chaos_sickle'&&variable.is_first_person?180:0", 0]
				},
				"s": {
					"rotation": ["variable.is_first_person?130:90", 0, 0],
					"position": [-5.5, "variable.is_first_person?15:13", 16.5],
					"scale": [1.33, 1.35, 1.33]
				},
				"rightArm": {
					"rotation": ["query.get_equipped_item_name=='chaos_sickle'&&variable.is_first_person?-88:0", 0, 0]
				},
				"leftArm": {
					"rotation": ["query.get_equipped_item_name!='map'&&query.get_equipped_item_name=='chaos_sickle'&&variable.is_first_person?-88:0", 0, 0]
				},
				"rightItem": {
				    "scale": ["query.get_equipped_item_name=='chaos_sickle'?0:1", "query.get_equipped_item_name=='chaos_sickle'?0:1", "query.get_equipped_item_name=='chaos_sickle'?0:1"],
				    "position": [0, "query.get_equipped_item_name=='chaos_sickle'?-99999999:0", 0]
				}
			}
		},
		"animation.ChaosSickle.attack2": {
			"loop": true,
			"bones": {
				"rightArm": {
					"rotation": [-90, "-55+Math.abs(Math.sin(query.anim_time*360)*178)", 0]
				},
				"rightItem3D": {
					"rotation": [80, -95, -15],
					"position": [1, 0, -1]
				}
			}
		},
		"animation.ChaosSickle.attack1": {
			"loop": true,
			"bones": {
				"rightArm": {
					"rotation": [-90, "80-Math.abs(Math.sin(query.anim_time*360)*150)", 0]
				},
				"rightItem3D": {
					"rotation": [90, 90, 15],
					"position": [0, 0, -1]
				}
			}
		},
		"animation.ChaosPower": {
			"loop": true,
			"bones": {
				"leftArm": {
					"rotation": ["variable.is_first_person?-2:query.target_x_rotation-90", 0, 0]
				},
				"rightArm": {
					"rotation": ["variable.is_first_person?10:0", 0, 0]
				}
			}
		},
		"animation.ChaosSkill": {
			"loop": true,
			"bones": {
				"leftArm": {
					"rotation": ["-90+query.target_x_rotation+Math.cos(query.anim_time*250)*-15", "Math.cos(query.anim_time*250)*-15", 0]
				},
				"rightArm": {
					"rotation": ["variable.is_first_person?10:0", 0, 0]
				}
			}
		},
		"animation.ChaosSickle.sweep.level10": {
			"loop": true,
			"animation_length": 0.18,
			"bones": {
				"bone" : {
			    "scale": ["query.life_time>2.5?30:Math.abs(Math.sin(query.anim_time*300)*30)","query.life_time>2.5?30:Math.abs(Math.sin(query.anim_time*300)*30)","query.life_time>2.5?30:Math.abs(Math.sin(query.anim_time*300)*30)"],
				"rotation":{
				"0.0":[0,0,0],
				"1.0333":[0,360,0]
				}
			},
				"rightArm": {
					"rotation": {
						"0.0": [-15, 0, 45],
						"0.0833": [-116.43, 0, 45],
						"0.1667": [-13.8, 0, 45]
					}
				},
				"rightItem3D": {
					"rotation": {
						"0.0": [90, 185, 0],
						"0.0833": [90, 370, 0]
					},
					"position": {
						"0.0": [0, 0, 1],
						"0.0833": [0, 0, -2.25]
					}
				}
			}
		}
	}
}