{
  "format_version": "1.8.0",
  "minecraft:entity": {
    "description": {
      "identifier": "blackhole:white_hole_cube",
      "is_spawnable": true,
      "is_summonable": true,
      "is_experimental": false
    },
    "component_groups": {
      "minecraft:slime_large": {
        "minecraft:collision_box": {
          "width": 2.08,
          "height": 2.08
        },
        "minecraft:health": {
          "value": 670,
          "max": 670
        },
        "minecraft:movement": {
          "value": 0.7,
          "max": 0.23
        }
      },
      "minecraft:slime_medium": {
        "minecraft:collision_box": {
          "width": 1.04,
          "height": 1.04
        },
        "minecraft:health": {
          "value": 670,
          "max": 670
        },
        "minecraft:movement": {
          "value": 0.7,
          "max": 0.23
        }
      },
      "minecraft:slime_small": {
        "minecraft:collision_box": {
          "width": 0.52,
          "height": 0.52
        },
        "minecraft:health": {
          "value": 670,
          "max": 670
        },
        "minecraft:movement": {
          "value": 0.7,
          "max": 0.23
        }
      },
      "minecraft:slime_calm": {
        "minecraft:movement.jump": {
          "jump_delay": [
            0.5,
            1.5
          ]
        }
      },
      "minecraft:slime_aggressive": {
        "minecraft:movement.jump": {
          "jump_delay": [
            0.16,
            0.5
          ]
        }
      }
    },
    "components": {
      "minecraft:type_family": {
        "family": [
          "slime"
        ]
      },
      "minecraft:navigation.walk": {
        "can_path_over_water": true,
        "avoid_water": true
      },
      "minecraft:jump.static": {},
      "minecraft:can_climb": {},
      "minecraft:movement.jump": {
        "jump_delay": [
          0.5,
          1.5
        ]
      },
      "minecraft:on_target_acquired": {
        "event": "on:target_acquired",
        "target": "self"
      },
      "minecraft:on_target_escape": {
        "event": "on:target_escape",
        "target": "self"
      },
      "minecraft:nameable": {
        "alwaysShow": true,
        "allowNameTagRenaming": false
      },
      "minecraft:behavior.slime_float": {
        "priority": 1
      },
      "minecraft:behavior.slime_attack": {
        "priority": 3
      },
      "minecraft:behavior.slime_random_direction": {
        "priority": 4
      },
      "minecraft:behavior.slime_keep_on_jumping": {
        "priority": 5
      },
      "minecraft:behavior.nearest_attackable_target": {
        "priority": 2,
        "entity_types": [
          {
            "filters": {
              "any_of": [
                {
                  "test": "is_family",
                  "subject": "other",
                  "value": "player"
                },
                {
                  "test": "is_family",
                  "subject": "other",
                  "value": "snowgolem"
                },
                {
                  "test": "is_family",
                  "subject": "other",
                  "value": "irongolem"
                }
              ]
            },
            "max_dist": 670,
            "must_see": false
          }
        ],
        "must_see": false,
        "within_radius": 30
      },
      "minecraft:physics": {},
      "minecraft:health": {
        "value": 670,
        "max": 670
      },
      "minecraft:experience_reward": {
        "on_death": "query.last_hit_by_player ? 5320 : 0"
      },
      "minecraft:movement": {
        "value": 0.7,
        "max": 0.23
      },
      "minecraft:underwater_movement": {
        "value": 0.02
      },
      "minecraft:scale": {
        "value": 1.5
      },
      "minecraft:attack": {
        "damage": 25
      },
      "minecraft:behavior.melee_attack": {
        "priority": 2,
        "speed_multiplier": 1.0,
        "target_dist": 0.0,
        "max_dist": 3,
        "random_stop_interval": 100,
        "track_target": true,
        "reach_multiplier": 1.4
      },
      "minecraft:behavior.hurt_by_target": {
        "priority": 3
      },
      "minecraft:behavior.owner_hurt_by_target": {
        "priority": 1
      },
      "minecraft:behavior.owner_hurt_target": {
        "priority": 2
      },
      "minecraft:on_death": {
        "event": "on:death",
        "target": "self"
      },
      "minecraft:on_hurt": {
        "event": "on:hurt",
        "target": "self"
      },
      "minecraft:on_hurt_by_player": {
        "event": "on:hurt_by_player",
        "target": "self"
      },
      "minecraft:on_ignite": {
        "event": "on:ignite",
        "target": "self"
      },
      "minecraft:on_wake_with_owner": {
        "event": "on:wake_with_owner",
        "target": "self"
      },
      "minecraft:fire_immune": true,
      "minecraft:collision_box": {
        "height": 1.5,
        "width": 1.5
      },
      "minecraft:behavior.float": {
        "priority": 2,
        "speed_multiplier": 1.0
      },
      "minecraft:fall_damage": {
        "value": 0.0
      },
      "minecraft:boss": {
        "should_darken_sky": false,
        "hud_range": 200,
        "name": "White Hole Cube"
      },
      "minecraft:knockback_resistance": {
        "value": 99999999.0,
        "max": 99999999.0
      },
      "minecraft:annotation.break_door": {
        "break_time": 0.0,
        "min_difficulty": "easy"
      },
      "minecraft:loot": {
        "table": "loot_tables/entities/blackhole_white_hole_cube.json"
      }
    },
    "events": {
      "minecraft:entity_spawned": {
        "add": {
          "component_groups": [
            "minecraft:slime_calm"
          ]
        }
      },
      "minecraft:become_calm": {
        "add": {
          "component_groups": [
            "minecraft:slime_calm"
          ]
        }
      },
      "minecraft:become_aggressive": {
        "add": {
          "component_groups": [
            "minecraft:slime_aggressive"
          ]
        }
      },
      "on:death": {
        "run_command": {
          "command": []
        }
      },
      "on:hurt": {
        "run_command": {
          "command": [
            "function white_hole_cube"
          ]
        }
      },
      "on:hurt_by_player": {
        "run_command": {
          "command": []
        }
      },
      "on:ignite": {
        "run_command": {
          "command": []
        }
      },
      "on:target_acquired": {
        "run_command": {
          "command": []
        }
      },
      "on:target_escape": {
        "run_command": {
          "command": []
        }
      },
      "on:wake_with_owner": {
        "run_command": {
          "command": []
        }
      }
    }
  }
}