{
  "format_version": "1.11",
  "minecraft:entity": {
    "description": {
      "identifier": "minecraft:player",
      "is_spawnable": false,
      "is_summonable": false,
      "is_experimental": false,
      "scripts": {
        "animate": [
          "walk",
          "blackhole:blackhole_bomb",
          "blackhole:blackhole_slingshot",
          "blackhole:white_pearl",
          "blackhole:blackhole_bow_1",
          "blackhole:violet_quiver",
          "blackhole:blackhole_blowgun",
          "blackhole:violet_arrow",
          "blackhole:alex_bow_1",
          "blackhole:violet_quiver_1"
        ]
      },
      "animations": {
        "walk": "controller.animation.walk",
        "blackhole:blackhole_bomb": "controller.animation.blackhole_blackhole_bomb",
        "blackhole:blackhole_slingshot": "controller.animation.blackhole_blackhole_slingshot",
        "blackhole:white_pearl": "controller.animation.blackhole_white_pearl",
        "blackhole:blackhole_bow_1": "controller.animation.blackhole_blackhole_bow_1",
        "blackhole:violet_quiver": "controller.animation.blackhole_violet_quiver",
        "blackhole:blackhole_blowgun": "controller.animation.blackhole_blackhole_blowgun",
        "blackhole:violet_arrow": "controller.animation.blackhole_violet_arrow",
        "blackhole:alex_bow_1": "controller.animation.blackhole_alex_bow_1",
        "blackhole:violet_quiver_1": "controller.animation.blackhole_violet_quiver_1"
      }
    },
    "component_groups": {
      "pamobile:respawn": {
        "minecraft:mark_variant": {
          "value": 99999
        },
        "minecraft:health": {
          "value": 20,
          "max": 20
        },
        "minecraft:movement": {
          "value": 0.1
        },
        "minecraft:attack": {
          "damage": 1
        },
        "minecraft:spell_effects": {
          "remove_effects": []
        }
      },
      "ammo:1": {
        "minecraft:mark_variant": {
          "value": 1
        }
      },
      "blackhole:blackhole_battle_sword": {
        "minecraft:health": {
          "value": 40,
          "max": 40
        },
        "minecraft:movement": {
          "value": 0.2
        },
        "minecraft:spell_effects": {
          "add_effects": []
        }
      },
      "blackhole:sword_of_knockback": {
        "minecraft:health": {
          "value": 30,
          "max": 30
        },
        "minecraft:movement": {
          "value": 0.2
        },
        "minecraft:spell_effects": {
          "add_effects": []
        }
      },
      "blackhole:sword_of_levitation": {
        "minecraft:health": {
          "value": 60,
          "max": 60
        },
        "minecraft:movement": {
          "value": 0.2
        },
        "minecraft:spell_effects": {
          "add_effects": []
        }
      },
      "blackhole:steve_sword": {
        "minecraft:health": {
          "value": 80,
          "max": 80
        },
        "minecraft:movement": {
          "value": 0.2
        },
        "minecraft:spell_effects": {
          "add_effects": []
        }
      },
      "blackhole:blackhole_bomb_fire": {
        "minecraft:spawn_entity": [
          {
            "min_wait_time": 0,
            "max_wait_time": 0,
            "single_use": true,
            "spawn_entity": "blackhole:blackhole_bomb",
            "num_to_spawn": 1
          }
        ]
      },
      "blackhole:blackhole_slingshot_fire": {
        "minecraft:spawn_entity": [
          {
            "min_wait_time": 0,
            "max_wait_time": 0,
            "single_use": true,
            "spawn_entity": "blackhole:blackhole_slingshot",
            "num_to_spawn": 1
          }
        ]
      },
      "blackhole:white_pearl_fire": {
        "minecraft:spawn_entity": [
          {
            "min_wait_time": 0,
            "max_wait_time": 0,
            "single_use": true,
            "spawn_entity": "blackhole:white_pearl",
            "num_to_spawn": 1
          }
        ]
      },
      "blackhole:blackhole_bow_1_fire": {
        "minecraft:spawn_entity": [
          {
            "min_wait_time": 0,
            "max_wait_time": 0,
            "single_use": true,
            "spawn_entity": "blackhole:blackhole_bow_1",
            "num_to_spawn": 1
          }
        ]
      },
      "blackhole:violet_quiver_fire": {
        "minecraft:spawn_entity": [
          {
            "min_wait_time": 0,
            "max_wait_time": 0,
            "single_use": true,
            "spawn_entity": "blackhole:violet_quiver",
            "num_to_spawn": 1
          }
        ]
      },
      "blackhole:blackhole_blowgun_fire": {
        "minecraft:spawn_entity": [
          {
            "min_wait_time": 0,
            "max_wait_time": 0,
            "single_use": true,
            "spawn_entity": "blackhole:blackhole_blowgun",
            "num_to_spawn": 1
          }
        ]
      },
      "blackhole:violet_arrow_fire": {
        "minecraft:spawn_entity": [
          {
            "min_wait_time": 0,
            "max_wait_time": 0,
            "single_use": true,
            "spawn_entity": "blackhole:violet_arrow",
            "num_to_spawn": 1
          }
        ]
      },
      "blackhole:alex_bow_1_fire": {
        "minecraft:spawn_entity": [
          {
            "min_wait_time": 0,
            "max_wait_time": 0,
            "single_use": true,
            "spawn_entity": "blackhole:alex_bow_1",
            "num_to_spawn": 1
          }
        ]
      },
      "blackhole:violet_quiver_1_fire": {
        "minecraft:spawn_entity": [
          {
            "min_wait_time": 0,
            "max_wait_time": 0,
            "single_use": true,
            "spawn_entity": "blackhole:violet_quiver_1",
            "num_to_spawn": 1
          }
        ]
      }
    },
    "components": {
      "minecraft:type_family": {
        "family": [
          "player"
        ]
      },
      "minecraft:loot": {
        "table": "loot_tables/empty.json"
      },
      "minecraft:collision_box": {
        "width": 0.6,
        "height": 1.8
      },
      "minecraft:can_climb": {},
      "minecraft:movement": {
        "value": 0.1
      },
      "minecraft:environment_sensor": [
        {
          "on_environment": {
            "filters": {
              "any_of": [
                {
                  "test": "is_family",
                  "subject": "self",
                  "value": "player"
                }
              ]
            },
            "event": "pamobile:refresh_player"
          }
        },
        {
          "on_environment": {
            "filters": {
              "all_of": [
                {
                  "test": "has_equipment",
                  "subject": "self",
                  "domain": "hand",
                  "value": "blackhole:blackhole_battle_sword"
                }
              ]
            },
            "event": "blackhole:blackhole_battle_sword_event"
          }
        },
        {
          "on_environment": {
            "filters": {
              "all_of": [
                {
                  "test": "has_equipment",
                  "subject": "self",
                  "domain": "hand",
                  "value": "blackhole:sword_of_knockback"
                }
              ]
            },
            "event": "blackhole:sword_of_knockback_event"
          }
        },
        {
          "on_environment": {
            "filters": {
              "all_of": [
                {
                  "test": "has_equipment",
                  "subject": "self",
                  "domain": "hand",
                  "value": "blackhole:sword_of_levitation"
                }
              ]
            },
            "event": "blackhole:sword_of_levitation_event"
          }
        },
        {
          "on_environment": {
            "filters": {
              "all_of": [
                {
                  "test": "has_equipment",
                  "subject": "self",
                  "domain": "hand",
                  "value": "blackhole:steve_sword"
                }
              ]
            },
            "event": "blackhole:steve_sword_event"
          }
        },
        {
          "on_environment": {
            "filters": {
              "all_of": [
                {
                  "test": "has_equipment",
                  "subject": "self",
                  "domain": "hand",
                  "value": "blackhole:blackhole_bomb"
                },
                {
                  "test": "is_family",
                  "subject": "self",
                  "value": "player"
                }
              ]
            },
            "event": "ammo:1"
          }
        },
        {
          "on_environment": {
            "filters": {
              "all_of": [
                {
                  "test": "has_equipment",
                  "subject": "self",
                  "domain": "hand",
                  "value": "blackhole:blackhole_slingshot"
                },
                {
                  "test": "is_family",
                  "subject": "self",
                  "value": "player"
                }
              ]
            },
            "event": "ammo:1"
          }
        },
        {
          "on_environment": {
            "filters": {
              "all_of": [
                {
                  "test": "has_equipment",
                  "subject": "self",
                  "domain": "hand",
                  "value": "blackhole:white_pearl"
                },
                {
                  "test": "is_family",
                  "subject": "self",
                  "value": "player"
                }
              ]
            },
            "event": "ammo:1"
          }
        },
        {
          "on_environment": {
            "filters": {
              "all_of": [
                {
                  "test": "has_equipment",
                  "subject": "self",
                  "domain": "hand",
                  "value": "blackhole:blackhole_bow_1"
                },
                {
                  "test": "is_family",
                  "subject": "self",
                  "value": "player"
                }
              ]
            },
            "event": "ammo:1"
          }
        },
        {
          "on_environment": {
            "filters": {
              "all_of": [
                {
                  "test": "has_equipment",
                  "subject": "self",
                  "domain": "hand",
                  "value": "blackhole:violet_quiver"
                },
                {
                  "test": "is_family",
                  "subject": "self",
                  "value": "player"
                }
              ]
            },
            "event": "ammo:1"
          }
        },
        {
          "on_environment": {
            "filters": {
              "all_of": [
                {
                  "test": "has_equipment",
                  "subject": "self",
                  "domain": "hand",
                  "value": "blackhole:blackhole_blowgun"
                },
                {
                  "test": "is_family",
                  "subject": "self",
                  "value": "player"
                }
              ]
            },
            "event": "ammo:1"
          }
        },
        {
          "on_environment": {
            "filters": {
              "all_of": [
                {
                  "test": "has_equipment",
                  "subject": "self",
                  "domain": "hand",
                  "value": "blackhole:violet_arrow"
                },
                {
                  "test": "is_family",
                  "subject": "self",
                  "value": "player"
                }
              ]
            },
            "event": "ammo:1"
          }
        },
        {
          "on_environment": {
            "filters": {
              "all_of": [
                {
                  "test": "has_equipment",
                  "subject": "self",
                  "domain": "hand",
                  "value": "blackhole:alex_bow_1"
                },
                {
                  "test": "is_family",
                  "subject": "self",
                  "value": "player"
                }
              ]
            },
            "event": "ammo:1"
          }
        },
        {
          "on_environment": {
            "filters": {
              "all_of": [
                {
                  "test": "has_equipment",
                  "subject": "self",
                  "domain": "hand",
                  "value": "blackhole:violet_quiver_1"
                },
                {
                  "test": "is_family",
                  "subject": "self",
                  "value": "player"
                }
              ]
            },
            "event": "ammo:1"
          }
        }
      ],
      "minecraft:player.saturation": {
        "value": 20
      },
      "minecraft:player.exhaustion": {
        "value": 0,
        "max": 4
      },
      "minecraft:player.level": {
        "value": 0,
        "max": 24791
      },
      "minecraft:player.experience": {
        "value": 0,
        "max": 1
      },
      "minecraft:breathable": {
        "totalSupply": 15,
        "suffocateTime": -1,
        "inhaleTime": 3.75,
        "generatesBubbles": false
      },
      "minecraft:nameable": {
        "alwaysShow": true,
        "allowNameTagRenaming": false
      },
      "minecraft:physics": {},
      "minecraft:insomnia": {
        "days_until_insomnia": 3
      },
      "minecraft:rideable": {
        "seat_count": 2,
        "family_types": [
          "parrot_tame"
        ],
        "pull_in_entities": true,
        "seats": [
          {
            "position": [
              0.4,
              -0.15,
              0.04
            ],
            "min_rider_count": 0,
            "max_rider_count": 0,
            "lock_rider_rotation": 0
          },
          {
            "position": [
              -0.4,
              -0.15,
              0.04
            ],
            "min_rider_count": 1,
            "max_rider_count": 2,
            "lock_rider_rotation": 0
          }
        ]
      },
      "minecraft:scaffolding_climber": {}
    },
    "events": {
      "pamobile:refresh_player": {
        "add": {
          "component_groups": [
            "pamobile:respawn"
          ]
        },
        "remove": {
          "component_groups": [
            "blackhole:blackhole_battle_sword",
            "blackhole:sword_of_knockback",
            "blackhole:sword_of_levitation",
            "blackhole:steve_sword"
          ]
        }
      },
      "minecraft:entity_spawned": {
        "add": {
          "component_groups": [
            "pamobile:respawn"
          ]
        },
        "remove": {}
      },
      "ammo:1": {
        "remove": {
          "component_groups": [
            "ammo:1"
          ]
        },
        "add": {
          "component_groups": [
            "ammo:1"
          ]
        }
      },
      "ammo:2": {
        "remove": {
          "component_groups": [
            "ammo:2"
          ]
        },
        "add": {
          "component_groups": [
            "ammo:2"
          ]
        }
      },
      "blackhole:blackhole_battle_sword_event": {
        "add": {
          "component_groups": [
            "blackhole:blackhole_battle_sword"
          ]
        }
      },
      "blackhole:sword_of_knockback_event": {
        "add": {
          "component_groups": [
            "blackhole:sword_of_knockback"
          ]
        }
      },
      "blackhole:sword_of_levitation_event": {
        "add": {
          "component_groups": [
            "blackhole:sword_of_levitation"
          ]
        }
      },
      "blackhole:steve_sword_event": {
        "add": {
          "component_groups": [
            "blackhole:steve_sword"
          ]
        }
      },
      "blackhole:blackhole_bomb_fire": {
        "add": {
          "component_groups": [
            "blackhole:blackhole_bomb_fire"
          ]
        }
      },
      "blackhole:blackhole_slingshot_fire": {
        "add": {
          "component_groups": [
            "blackhole:blackhole_slingshot_fire"
          ]
        }
      },
      "blackhole:white_pearl_fire": {
        "add": {
          "component_groups": [
            "blackhole:white_pearl_fire"
          ]
        }
      },
      "blackhole:blackhole_bow_1_fire": {
        "add": {
          "component_groups": [
            "blackhole:blackhole_bow_1_fire"
          ]
        }
      },
      "blackhole:violet_quiver_fire": {
        "add": {
          "component_groups": [
            "blackhole:violet_quiver_fire"
          ]
        }
      },
      "blackhole:blackhole_blowgun_fire": {
        "add": {
          "component_groups": [
            "blackhole:blackhole_blowgun_fire"
          ]
        }
      },
      "blackhole:violet_arrow_fire": {
        "add": {
          "component_groups": [
            "blackhole:violet_arrow_fire"
          ]
        }
      },
      "blackhole:alex_bow_1_fire": {
        "add": {
          "component_groups": [
            "blackhole:alex_bow_1_fire"
          ]
        }
      },
      "blackhole:violet_quiver_1_fire": {
        "add": {
          "component_groups": [
            "blackhole:violet_quiver_1_fire"
          ]
        }
      }
    }
  }
}