{
  "format_version": "1.12.0",
  "minecraft:entity": {
    "description": {
      "identifier": "mengxin:chaosblackhole",
                      "animations": {
        "chaosblackhole": "controller.animation.chaosblackhole"},
              "scripts": {
        "animate": [
          "chaosblackhole"
         ]
      },
            "is_spawnable": false,
      "is_summonable": true,
      "is_experimental": false
    },
/*吞噬一切....*/
         "component_groups": {},                 "components": {
                   "minecraft:collision_box": {
        "width": 0.1,
        "height": 0.1
      },
          "minecraft:explode": {
     "fuse_length": 5,
     "fuse_lit": true,
     "power": 0,
     "causes_fire": true,
         "breaks_blocks": false,
     "fire_affected_by_griefing": true,
     "destroy_affected_by_griefing": true
    },
      "minecraft:behavior.knockback_roar": {
        "duration": 0.1,
        "attack_time": 0.1,
        "cooldown_time": 0.0,
        "knockback_strength": -1,
        "knockback_damage": 1,
        "knockback_range": 15,
        "knockback_filters": {
          "all_of": [
            {
              "test": "is_family",
              "subject": "other",
              "operator": "!=",
              "value": "blackhole"
            },
            {
              "test": "is_family",
              "subject": "other",
              "operator": "!=",
              "value": "player"
            }
          ]
        },
        "damage_filters": {
          "test": "is_family",
          "subject": "other",
          "operator": "!=",
          "value": "player"
        }
      },
        "minecraft:health":{
      "value":1,
        "min":1,
        "max":1
         },        
               "minecraft:type_family": {
        "family": [ "blackhole" ]
      },
            "minecraft:physics": {
        "has_gravity": false,
        "has_collision": true
      },    "minecraft:damage_sensor": [
        {
          "cause": "all",
          "deals_damage": false
        }
      ]
         },                       "events": {}}}