{
  "format_version": "1.12.0",
 "minecraft:entity": {
  "description": {
    "identifier": "mengxin:diamond_ball",
    "is_spawnable": false,
    "is_summonable": true,
    "is_experimental": false,
        "runtime_identifier":"minecraft:snowball"
  },
/*钻石做成的法球，拿钱砸人!*/
  "components": {
   "minecraft:collision_box": {
    "width": 0.31,
    "height": 0.31
   },
       "minecraft:explode": {
     "fuse_length": 2,
     "fuse_lit": true,
     "power": 0,
         "breaks_blocks": false,
     "fire_affected_by_griefing": true,
     "destroy_affected_by_griefing": true
    },
   "minecraft:projectile": {

    "on_hit": {
      "impact_damage": {
        "damage": 22,
        "knockback": true,
        "semi_random_diff_damage": false
      },
      "remove_on_hit": { }
    },
    "power": 2.5,
    "gravity": 0.00,
    "inertia": 1,
    "liquid_inertia": 1,
    "anchor": 0,
    "offset": [ 0, 0.5, 0 ],
    "semi_random_diff_damage": true,
    "uncertainty_base": 0.0,
    "reflect_on_hurt": true
   },
   "minecraft:physics": {
   },
   "minecraft:pushable": {
    "is_pushable": true,
    "is_pushable_by_piston": true
   }
  }
 }
}
