{
  "format_version": "1.12.0",
 "minecraft:entity": {
  "description": {
    "identifier":"mengxin:firewand_ball",
    "is_spawnable": false,
    "is_summonable": true,
    "is_experimental": false,
    "runtime_identifier":"minecraft:snowball"
  },
/*烈焰魔力汇成的强大法球，爆炸和火焰!*/
  "component_groups": {
   "minecraft:exploding": {
    "minecraft:explode": {
     "fuse_length": 0,
     "fuse_lit": true,
     "power": 2,
     "causes_fire": true,
         "breaks_blocks": false,
     "fire_affected_by_griefing": true,
     "destroy_affected_by_griefing": true
    }
   }
  },

  "components": {
       "minecraft:explode": {
     "fuse_length": 2,
     "fuse_lit": true,
     "power": 0,
         "breaks_blocks": false,
     "fire_affected_by_griefing": true,
     "destroy_affected_by_griefing": true
    },
   "minecraft:collision_box": {
    "width": 0.31,
    "height": 0.31
   },
   "minecraft:projectile": {
    "on_hit": {
      "impact_damage":{
        "damage": 5,
        "knockback": true,
        "catch_fire": true
      },
     "definition_event": {
      "affect_projectile": true,
      "event_trigger": {
         "event": "minecraft:explode",
          "target": "self"
      }
     },
             "particle_on_hit": {
            "particle_type": "lava",
            "num_particles": 10,
            "on_entity_hit": true,
            "on_other_hit": true
          }
    },
    "power": 2,
    "gravity": 0.00,
    "inertia": 1,
    "liquid_inertia": 1,
    "uncertainty_base": 0,
    "uncertainty_multiplier": 0,
    "anchor": 1,
    "offset": [ 0, 1.5, 0 ],
    "reflect_on_hurt": true,
    "catch_fire": true
   },
   "minecraft:physics": {
   },
   "minecraft:pushable": {
    "is_pushable": true,
    "is_pushable_by_piston": true
   }
  },
  "events": {
   "minecraft:explode": {
    "add": {
     "component_groups": [
      "minecraft:exploding"
     ]
    }
   }
  }
 }
}
