{
  "format_version": "1.12.0",
  "minecraft:entity": {
    "description": {
      "identifier": "mengxin:guard_treatment",
      "is_spawnable": false,
      "is_summonable": true,
      "is_experimental": false,
      "runtime_identifier": "minecraft:snowball"
    },
/*真相就是你上当了，小傻瓜*/
    "components": {
       "minecraft:explode": {
     "fuse_length": 2,
     "fuse_lit": true,
     "power": 0,
         "breaks_blocks": false,
     "fire_affected_by_griefing": true,
     "destroy_affected_by_griefing": true
    },
      "minecraft:collision_box": {
        "width": 0.25,
        "height": 0.25
      },
      "minecraft:projectile": {
        "on_hit": {
        "mob_effect": {
            "effect": "instant_health",
            "durationeasy": 1,
            "durationnormal": 1,
            "durationhard": 1,
            "amplifier": 2
          },
          "remove_on_hit": {}
        },
        "power": 2,
        "gravity": 0,
        "angle_offset": 0.0
      },
	    "minecraft:physics": {
      },
      "minecraft:pushable": {
        "is_pushable": true,
        "is_pushable_by_piston": true
      }
    }
  }
}

















































/*........?*/