{
  "format_version": "1.12.0",
  "minecraft:entity": {
    "description": {
      "identifier": "mengxin:guard",
                     "animations": {
        "guard": "controller.animation.guard"},
              "scripts": {
        "animate": [
          "guard"
         ]
      },
            "is_spawnable": false,
      "is_summonable": false,
      "is_experimental": false
    },
         "component_groups": {
            "de_guard":{
            "minecraft:explode": {
     "fuse_length": 0,
     "fuse_lit": true,
     "power": 0
    }
            }
         },             
        "components": {
          "minecraft:movement": {
        "value": 0.5
      },              
    "minecraft:behavior.find_mount": {
          "priority": 0,
          "within_radius": 16,
          "start_delay": 0,
          "target_needed": false,
          "max_failed_attempts": 20
        },
     "minecraft:collision_box": {
        "width": 0.01,
        "height": 0.01
      },
        "minecraft:health":{
      "value":1,
        "max":1
         },        
         "minecraft:type_family": {
        "family": [ "guard" ]
      },
            "minecraft:physics": {
        "has_gravity": false,
        "has_collision": true
      },    "minecraft:damage_sensor": [
        {
          "cause": "all",
          "deals_damage": false
        }
      ]
         },                       "events": {
       "de_guard":{
      "add":{"component_groups":[
          "de_guard"
          ]}
        },
               "guard":{
      "add":{"component_groups":[
          "guard"
          ]}
        }
         }}}