{
  "format_version": "1.13.0",
  "minecraft:entity": {
    "description": {
/*你果然还是看到这里了....*/
     "identifier": "minecraft:player",
     "animations": {
      "firewand1": "controller.animation.firewand1",
      "firewand2": "controller.animation.firewand2",
      "firewand_ex": "controller.animation.firewand_ex",
      "blackhole":"controller.animation.blackhole",
      "water_ray":"controller.animation.water_ray",
      "yunshiwand":"controller.animation.yunshiwand",
      "ender":"controller.animation.ender",
      "ender2":"controller.animation.ender2",
      "enderball":"controller.animation.enderball",
      "ender_ex":"controller.animation.ender_ex",
      "lightning":"controller.animation.lightning_wand",
      "guard_ex":"controller.animation.guard_ex",
      "guard_ex1":"controller.animation.guard_ex1",
      "guard1":"controller.animation.guard1",
      "guardwand":"controller.animation.guardwand",
      "guardwand1":"controller.animation.guardwand1",
      "guardmiss":"controller.animation.guardmiss",
      "diamond":"controller.animation.diamond_wand",
      "gold":"controller.animation.gold_wand",
      "iron":"controller.animation.iron_wand",
      "player":"controller.animation.player"
      },
      "scripts": {
      "animate": [
"firewand1","firewand2","firewand_ex","blackhole","water_ray","yunshiwand","ender","ender2","enderball","ender_ex","lightning","guard_ex","guard_ex1","guard1","guardwand","guardwand1","guardmiss","diamond","gold","iron","player"
         ]
      },
      "is_spawnable": false,
      "is_summonable": false,
      "is_experimental": false
    },
    "component_groups": {
/*其实最开始这个法杖是丢钻石的，为什么不丢钻石呢....你不觉得很奇怪吗？*/
             "diamond_fire":{
    "minecraft:spawn_entity":{
          "min_wait_time": 0,
          "max_wait_time": 0,
 "spawn_entity": "mengxin:diamond_ball",
            "single_use": true
      }},      
    "diamond_wand":{
           "minecraft:variant": {
          "value": 301
        },    "minecraft:environment_sensor": {
        "triggers":[ {
          "filters": {
            "all_of": [
              {
                "test": "has_mob_effect",
                "subject": "self",
                "value": "bad_omen"
              },
              {
                "test": "is_in_village",
                "subject": "self",
                "value": true
              }
            ]
          },
          "event": "minecraft:trigger_raid"
        },           {"filters": {
   "all_of": [
       {
            "test": "has_equipment",
            "domain": "hand",
            "subject":"self",
            "operator":"!=",
 "value": "mengxin:diamond_wand"
                }
              ]
            },
            "event": "一个有梦想的萌新"
          }
        ]}
        },
/*土豪法杖~*/
             "gold_fire":{
    "minecraft:spawn_entity":{
          "min_wait_time": 0,
          "max_wait_time": 0,
 "spawn_entity": "mengxin:gold_ball",
            "single_use": true
      }},      
    "gold_wand":{
           "minecraft:variant": {
          "value": 302
        },    "minecraft:environment_sensor": {
        "triggers":[ {
          "filters": {
            "all_of": [
              {
                "test": "has_mob_effect",
                "subject": "self",
                "value": "bad_omen"
              },
              {
                "test": "is_in_village",
                "subject": "self",
                "value": true
              }
            ]
          },
          "event": "minecraft:trigger_raid"
        },           {"filters": {
   "all_of": [
       {
            "test": "has_equipment",
            "domain": "hand",
            "subject":"self",
            "operator":"!=",
 "value": "mengxin:gold_wand"
                }
              ]
            },
            "event": "一个有梦想的萌新"
          }
        ]}
        },
/*这把法杖....有什么可评价的呢？*/
             "iron_fire":{
    "minecraft:spawn_entity":{
          "min_wait_time": 0,
          "max_wait_time": 0,
 "spawn_entity": "mengxin:iron_ball",
            "single_use": true
      }},      
    "iron_wand":{
           "minecraft:variant": {
          "value": 303
        }, 
        "minecraft:environment_sensor": {
        "triggers":[ {
          "filters": {
            "all_of": [
              {
                "test": "has_mob_effect",
                "subject": "self",
                "value": "bad_omen"
              },
              {
                "test": "is_in_village",
                "subject": "self",
                "value": true
              }
            ]
          },
          "event": "minecraft:trigger_raid"
        },           {"filters": {
   "all_of": [
       {
            "test": "has_equipment",
            "domain": "hand",
            "subject":"self",
            "operator":"!=",
 "value": "mengxin:iron_wand"
                }
              ]
            },
            "event": "一个有梦想的萌新"
          }
        ]}
        },
/*审判你的敌人!*/
                  "guard_fire":{
    "minecraft:spawn_entity":{
          "min_wait_time": 0,
          "max_wait_time": 0,
"spawn_entity": "mengxin:guard_trial",
            "single_use": true
      }},
/*守护你应该守护的....*/
                  "guard_fire2":{
    "minecraft:spawn_entity":{
          "min_wait_time": 0,
          "max_wait_time": 0,
"spawn_entity": "mengxin:guard_treatment",
            "single_use": true
      }},
                  "guard_delizi":{
      "minecraft:knockback_resistance": {
        "value": 0
      },
             "minecraft:health":{
      "value":20,
        "min":0,
        "max":20
         }
      },
          "guard_lizi":{
              "minecraft:health":{
      "value":20,
      "min":1,
        "max":20
         },
"minecraft:can_fly": {},
         "minecraft:timer": {
	  "time": 0.1,
	  "looping": false,
        "time_down_event": {
	  "event": "de_lizi"
	 }}
      },
        "de_guard_guard":{
"minecraft:spell_effects":{"remove_effects":["resistance","speed","regeneration"]
        }
        },
/*不会就这样让你死去.....*/
      "guard_miss":{
      "minecraft:damage_sensor": {
        "triggers": [      
            {
            "on_damage": {
              "filters": {
                "all_of": [
{"test": "has_damage", "value": "fatal"}
                ]
              },
              "event": "de_guard_ex"
            },
        "deals_damage": false
          }
        ]
      }
},    
/*守护一切......*/
        "guard_guard":{
      "minecraft:movement": {
        "value": 0.5
      },
      "minecraft:knockback_resistance": {
        "value": 1.0
      },
    "minecraft:spell_effects":{
          "add_effects":[
              {
              "effect":"resistance",
              "amplifier": 2,
              "visible": false,
              "ambient": false,
              "duration": 999999999
            },
                          {
              "effect":"speed",
              "amplifier": 1,
              "visible": false,
              "ambient": false,
              "duration": 999999999
            },
                          {
              "effect":"regeneration",
              "amplifier": 0,
              "visible": false,
              "ambient": false,
              "duration": 999999999
            }
            ]
            },
        "minecraft:addrider": {
          "entity_type": "mengxin:guard"
        },
         "minecraft:is_tamed": {
          },
        "minecraft:rideable": {
          "seat_count": 1,
          "family_types": [
            "guard" ],
          "seats": {
            "position": [ 0.0, -1.5, 0.0 ]
          }
        }
        },
/*我太中二了?
但，你还不是一副感兴趣的样子在继续看?*/
                "guard":{
           "minecraft:variant": {
          "value": 300
        },
     "minecraft:environment_sensor": {
        "triggers":[ {
          "filters": {
            "all_of": [
              {
                "test": "has_mob_effect",
                "subject": "self",
                "value": "bad_omen"
              },
              {
                "test": "is_in_village",
                "subject": "self",
                "value": true
              }
            ]
          },
          "event": "minecraft:trigger_raid"
        },           {"filters": {
   "all_of": [
       {
            "test": "has_equipment",
            "domain": "hand",
            "subject":"self",
            "operator":"!=",
 "value": "mengxin:guard_wand"
                }
              ]
            },
            "event": "一个有梦想的萌新"
          }
        ]}
        },
/*上帝之怒!*/
                  "lightning_fire":{
    "minecraft:spawn_entity":{
          "min_wait_time": 0,
          "max_wait_time": 0,
 "spawn_entity": "mengxin:lightning_ball",
            "single_use": true
      }},
/*终将遭受审判....*/
      "lightning":{
           "minecraft:variant": {
          "value": 206
        },
        "minecraft:damage_sensor": {
        "triggers":[ 
        {
          "cause": "fire",
          "deals_damage": false
        },                    {
          "on_damage": {
            "filters": {
              "test": "is_family",
              "subject": "other",
      "value": "lightning"
            }
          },
          "deals_damage": false
        }]},
 "minecraft:environment_sensor": {
        "triggers":[ {
          "filters": {
            "all_of": [
              {
                "test": "has_mob_effect",
                "subject": "self",
                "value": "bad_omen"
              },
              {
                "test": "is_in_village",
                "subject": "self",
                "value": true
              }
            ]
          },
          "event": "minecraft:trigger_raid"
        },           {"filters": {
   "all_of": [
       {
            "test": "has_equipment",
            "domain": "hand",
            "subject":"self",
            "operator":"!=",
 "value": "mengxin:lightning_wand"
                }
              ]
            },
            "event": "一个有梦想的萌新"
          }
        ]}
        },
/*奇怪的末影能量*/
                 "ender_ball_fire":{
    "minecraft:spawn_entity":{
          "min_wait_time": 0,
          "max_wait_time": 0,
 "spawn_entity": "mengxin:ender_ball1",
            "single_use": true
      }},       
      "enderwand3":{
            "minecraft:damage_sensor": {
        "triggers": [        
            {
            "on_damage": {
              "filters": {
                "all_of": [
{"test": "has_damage", "value": "projectile"}
                ]
              },
              "event": "ender1"
            },
        "deals_damage": false
          }
        ]
      },
           "minecraft:variant": {
          "value": 205
        },
    "minecraft:environment_sensor": {
        "triggers":[ {
          "filters": {
            "all_of": [
              {
                "test": "has_mob_effect",
                "subject": "self",
                "value": "bad_omen"
              },
              {
                "test": "is_in_village",
                "subject": "self",
                "value": true
              }
            ]
          },
          "event": "minecraft:trigger_raid"
        },              {"filters": {
   "all_of": [
       {
            "test": "has_equipment",
            "domain": "hand",
            "subject":"self",
            "operator":"!=",
 "value": "mengxin:ender_wand1"
                }
              ]
            },
            "event": "一个有梦想的萌新"
          }
        ]}
        },
/*将强大的末影之力凝聚为一点，发出强大的光芒射线!*/
    "ender_fire":{
    "minecraft:spawn_entity":{
          "min_wait_time": 0,
          "max_wait_time": 0,
 "spawn_entity": "mengxin:ender_ball",
            "single_use": true
      }},     
      "ender1":{
        "minecraft:is_sheared": {
        },
               "minecraft:timer": {
	  "time": 0,
	  "looping": true,
        "time_down_event": {
	  "event": "de_ender1"
	 }}
      },
/*蕴含着奇怪末影之力的法杖，他让你成为了末影一族.....*/
          "enderwand":{
           "minecraft:variant": {
          "value": 204
        },
"minecraft:damage_sensor": {
        "triggers": [          {
            "on_damage": {
              "filters": {
                "all_of": [
{"test": "has_damage", "value": "projectile"}
                ]
              },
              "event": "ender1"
            },
        "deals_damage": false
          }
        ]
      },
    "minecraft:environment_sensor": {
        "triggers":[ {
          "filters": {
            "all_of": [
              {
                "test": "has_mob_effect",
                "subject": "self",
                "value": "bad_omen"
              },
              {
                "test": "is_in_village",
                "subject": "self",
                "value": true
              }
            ]
          },
          "event": "minecraft:trigger_raid"
        },           {"filters": {
   "all_of": [
       {
            "test": "has_equipment",
            "domain": "hand",
            "subject":"self",
            "operator":"!=",
 "value": "mengxin:ender_wand"
                }
              ]
            },
            "event": "一个有梦想的萌新"
          }
        ]}
        },
/*硬核陨石(yunshi)，对吧?
嗯....唯独他的英文我不想写，所以写拼音了，包括关于他的物品也是yunshi哦!*/
             "yunshi_fire":{
    "minecraft:spawn_entity":{
          "min_wait_time": 0,
          "max_wait_time": 0,
 "spawn_entity": "mengxin:yunshi_ball",
            "single_use": true
      }},      
/*用天堂降落的陨石制成的法杖，他将呼唤陨石摧毁你的敌人!*/
    "yunshiwand":{
                    "minecraft:damage_sensor": {
        "triggers": 
        {
          "cause": "block_explosion",
          "deals_damage": false
        }
      },
           "minecraft:variant": {
          "value": 203
        },
    "minecraft:environment_sensor": {
        "triggers":[ {
          "filters": {
            "all_of": [
              {
                "test": "has_mob_effect",
                "subject": "self",
                "value": "bad_omen"
              },
              {
                "test": "is_in_village",
                "subject": "self",
                "value": true
              }
            ]
          },
          "event": "minecraft:trigger_raid"
        },           {"filters": {
   "all_of": [
       {
            "test": "has_equipment",
            "domain": "hand",
            "subject":"self",
            "operator":"!=",
 "value": "mengxin:yunshiwand"
                }
              ]
            },
            "event": "一个有梦想的萌新"
          }
        ]}
        },
/*轻柔的水之射线，穿透敌人!*/
                "water_ray_fire":{
    "minecraft:spawn_entity":{
          "min_wait_time": 0,
          "max_wait_time": 0,
  "spawn_entity": "mengxin:water_ray",
            "single_use": true
      }
        },
/*蕴含着海洋之力的法杖，别小看水，他可是强大到可以轻松贯穿你的身体的*/
        "water_ray":{
           "minecraft:variant": {
          "value": 202
        },
                           "minecraft:environment_sensor": {
        "triggers":[ {
          "filters": {
            "all_of": [
              {
                "test": "has_mob_effect",
                "subject": "self",
                "value": "bad_omen"
              },
              {
                "test": "is_in_village",
                "subject": "self",
                "value": true
              }
            ]
          },
          "event": "minecraft:trigger_raid"
        },           {"filters": {
   "all_of": [
       {
            "test": "has_equipment",
            "domain": "hand",
            "subject":"self",
            "operator":"!=",
 "value": "mengxin:ocean_wand"
                }
              ]
            },
            "event": "一个有梦想的萌新"
          }
        ]}
        },
/*混沌，吞噬一切*/
        "blackholewand_fire":{
     "minecraft:spawn_entity":{
          "min_wait_time": 0,
          "max_wait_time": 0,
  "spawn_entity": "mengxin:blackholewand_ball",
          "single_use": true
      }
        },
/*一心想吞噬一切的法杖，让它好好包餐一顿吧*/
        "blackholewand1":{
         "minecraft:variant": {
          "value": 201
        },
                           "minecraft:environment_sensor": {
        "triggers":[ {
          "filters": {
            "all_of": [
              {
                "test": "has_mob_effect",
                "subject": "self",
                "value": "bad_omen"
              },
              {
                "test": "is_in_village",
                "subject": "self",
                "value": true
              }
            ]
          },
          "event": "minecraft:trigger_raid"
        },
           {"filters": {
   "all_of": [
       {
            "test": "has_equipment",
            "domain": "hand",
            "subject":"self",
            "operator":"!=",
 "value": "mengxin:blackholewand"
                }
              ]
            },
            "event": "一个有梦想的萌新"
          }
        ]}
        },
/*火焰，焚烧一切!*/
        "firewand_fire":{
    "minecraft:spawn_entity":{
          "min_wait_time": 0,
          "max_wait_time": 0,
  "spawn_entity": "mengxin:firewand_fire"
      }
        },
/*强大的火焰之仗，用火焰和爆炸摧毁敌人*/
        "firewand3":{
         "minecraft:variant": {
          "value": 103
        },
                           "minecraft:environment_sensor": {
        "triggers":[ {
          "filters": {
            "all_of": [
              {
                "test": "has_mob_effect",
                "subject": "self",
                "value": "bad_omen"
              },
              {
                "test": "is_in_village",
                "subject": "self",
                "value": true
              }
            ]
          },
          "event": "minecraft:trigger_raid"
        },                                        {                                          "filters": {
              "all_of": [
                {
            "test": "has_equipment",
                  "domain": "hand",
                  "subject":"self",
   "value": "mengxin:firewand"
                }
              ]
            },
            "event": "firewand1"
          },
          {
   "filters": {
   "all_of": [
       {
            "test": "has_equipment",
            "domain": "hand",
            "subject":"self",
            "operator":"!=",
 "value": "mengxin:firewand"
                },
                       {
            "test": "has_equipment",
            "domain": "hand",
            "subject":"self",
            "operator":"!=",
 "value": "mengxin:firewand1"
                }
              ]
            },
            "event": "一个有梦想的萌新"
          }
        ]}
        },
/*火焰和爆炸.....
算了算了，我真的编不出来什么了
话说，你看着不无聊吗？
还是说你觉得很有趣?这样也好....*/
        "firewand1":{
                   "minecraft:environment_sensor": {
        "triggers":[ {
          "filters": {
            "all_of": [
              {
                "test": "has_mob_effect",
                "subject": "self",
                "value": "bad_omen"
              },
              {
                "test": "is_in_village",
                "subject": "self",
                "value": true
              }
            ]
          },
          "event": "minecraft:trigger_raid"
        },                                        {                                          "filters": {
              "all_of": [
                {
            "test": "has_equipment",
                  "domain": "hand",
                  "subject":"self",
   "value": "mengxin:firewand1"
                }
              ]
            },
            "event": "firewand3"
          },
          {
   "filters": {
   "all_of": [
       {
            "test": "has_equipment",
            "domain": "hand",
            "subject":"self",
            "operator":"!=",
 "value": "mengxin:firewand"
                },
                       {
            "test": "has_equipment",
            "domain": "hand",
            "subject":"self",
            "operator":"!=",
 "value": "mengxin:firewand1"
                }
              ]
            },
            "event": "一个有梦想的萌新"
          }
        ]},     
               "minecraft:variant": {
          "value": 101
        }
        },
        "firewand2":{
                              
     "minecraft:spawn_entity":{
          "min_wait_time": 0,
          "max_wait_time": 0,
  "spawn_entity": "mengxin:firewand_ball",
          "single_use": true
      }
        },
/*嗯....对我自己还有什么可以评价的呢......*/
        "一个有梦想的萌新":{
                              "minecraft:attack": {
        "damage": 1
      },
               "minecraft:variant": {
          "value": 1
        },
                  "minecraft:environment_sensor": {
        "triggers": [{
          "filters": {
            "all_of": [
              {
                "test": "has_mob_effect",
                "subject": "self",
                "value": "bad_omen"
              },
              {
                "test": "is_in_village",
                "subject": "self",
                "value": true
              }
            ]
          },
          "event": "minecraft:trigger_raid"
        }, 
                      {
        "filters": {
              "all_of": [
                {
            "test": "has_equipment",
                  "domain": "hand",
                  "subject":"self",
   "value": "mengxin:diamond_wand"
                }
              ]
            },
            "event": "diamond_wand"
          },    
                      {
        "filters": {
              "all_of": [
                {
            "test": "has_equipment",
                  "domain": "hand",
                  "subject":"self",
   "value": "mengxin:gold_wand"
                }
              ]
            },
            "event": "gold_wand"
          },    
                      {
        "filters": {
              "all_of": [
                {
            "test": "has_equipment",
                  "domain": "hand",
                  "subject":"self",
   "value": "mengxin:iron_wand"
                }
              ]
            },
            "event": "iron_wand"
          },    
                      {
        "filters": {
              "all_of": [
                {
            "test": "has_equipment",
                  "domain": "hand",
                  "subject":"self",
   "value": "mengxin:guard_wand"
                }
              ]
            },
            "event": "guard"
          },    
                  {
        "filters": {
              "all_of": [
                {
            "test": "has_equipment",
                  "domain": "hand",
                  "subject":"self",
   "value": "mengxin:lightning_wand"
                }
              ]
            },
            "event": "lightning"
          },    
              {                                   "filters": {
              "all_of": [
                {
            "test": "has_equipment",
                  "domain": "hand",
                  "subject":"self",
   "value": "mengxin:ender_wand1"
                }
              ]
            },
            "event": "enderwand3"
          },    
                   {                                   "filters": {
              "all_of": [
                {
            "test": "has_equipment",
                  "domain": "hand",
                  "subject":"self",
   "value": "mengxin:ender_wand"
                }
              ]
            },
            "event": "enderwand"
          },
                          {                           "filters": {
              "all_of": [
                {
            "test": "has_equipment",
                  "domain": "hand",
                  "subject":"self",
   "value": "mengxin:ocean_wand"
                }
              ]
            },
            "event": "water_ray"
          },                 
             {       
    "filters": {
              "all_of": [
                {
            "test": "has_equipment",
                  "domain": "hand",
                  "subject":"self",
   "value": "mengxin:yunshiwand"
                }
              ]
            },
            "event": "yunshiwand"
          },
                  {                           "filters": {
              "all_of": [
                {
            "test": "has_equipment",
                  "domain": "hand",
                  "subject":"self",
   "value": "mengxin:blackholewand"
                }
              ]
            },
            "event": "blackholewand1"
          },
          {                                          "filters": {
              "all_of": [
                {
            "test": "has_equipment",
                  "domain": "hand",
                  "subject":"self",
   "value": "mengxin:firewand"
                }
              ]
            },
            "event": "firewand1"
          },
                                                         {                                          "filters": {
              "all_of": [
                {
            "test": "has_equipment",
                  "domain": "hand",
                  "subject":"self",
   "value": "mengxin:firewand1"
                }
              ]
            },
            "event": "firewand3"
          }
          ]}},
      "minecraft:add_bad_omen": {
        "minecraft:spell_effects": {
          "add_effects": [
            {
              "effect": "bad_omen",
              "duration": 6000,
              "display_on_screen_animation": true
            }
          ]
        },
        "minecraft:timer": {
          "time": [ 0.0, 0.0 ],
          "looping": false,
          "time_down_event": {
            "event": "minecraft:clear_add_bad_omen",
            "target": "self"
          }
        }
      },
      "minecraft:clear_bad_omen_spell_effect": {
        "minecraft:spell_effects": {
        }
      },
      "minecraft:raid_trigger": {
        "minecraft:raid_trigger": {
          "triggered_event": {
            "event": "minecraft:remove_raid_trigger",
            "target": "self"
          }
        },
        "minecraft:spell_effects": {
          "remove_effects": "bad_omen"
        }
      }
    },

    "components": {      
/*没有任何意义*/
    "minecraft:variant": {
          "value": 2
        },  
               "minecraft:timer": {
	  "time": 20,
	  "looping": false,
        "time_down_event": {
	  "event": "一个有梦想的萌新"
	 }},
      "minecraft:experience_reward": {
        "on_death": "Math.Min(query.player_level * 7, 100)"
      },
      "minecraft:type_family": {
        "family": [ "player" ]
      },
      "minecraft:is_hidden_when_invisible": {
      },
      "minecraft:loot": {
        "table": "loot_tables/empty.json"
      },
      "minecraft:collision_box": {
        "width": 0.6,
        "height": 1.8
      },
      "minecraft:can_climb": {
      },
      "minecraft:movement": {
        "value": 0.1
      },
      "minecraft:hurt_on_condition": {
        "damage_conditions": [
          {
            "filters": { "test": "in_lava", "subject": "self", "operator": "==", "value": true },
            "cause": "lava",
            "damage_per_tick": 4
          }
        ]
      },
      "minecraft:attack": {
        "damage": 1
      },
      "minecraft:player.saturation": {
        "value": 20
      },
      "minecraft:player.exhaustion": {
        "value": 0,
        "max": 4
      },
      "minecraft:player.level": {
        "value": 0,
        "max": 24791
      },
      "minecraft:player.experience": {
        "value": 0,
        "max": 1
      },
      "minecraft:breathable": {
        "total_supply": 15,
        "suffocate_time": -1,
        "inhale_time": 3.75,
        "generates_bubbles": false
      },
      "minecraft:nameable": {
        "always_show": true,
        "allow_name_tag_renaming": false
      },
      "minecraft:physics": {
      },
      "minecraft:pushable": {
        "is_pushable": false,
        "is_pushable_by_piston": true
      },
      "minecraft:insomnia": {
        "days_until_insomnia": 3
      },
      "minecraft:rideable": {
        "seat_count": 2,
        "family_types": [
          "parrot_tame"
        ],
        "pull_in_entities": true,
        "seats": [
          {
            "position": [ 0.4, -0.2, -0.1 ],
            "min_rider_count": 0,
            "max_rider_count": 0,
            "lock_rider_rotation": 0
          },
          {
            "position": [ -0.4, -0.2, -0.1 ],
            "min_rider_count": 1,
            "max_rider_count": 2,
            "lock_rider_rotation": 0
          }
        ]
      },
      "minecraft:scaffolding_climber": {},
                  "minecraft:environment_sensor": {
        "triggers": [{
          "filters": {
            "all_of": [
              {
                "test": "has_mob_effect",
                "subject": "self",
                "value": "bad_omen"
              },
              {
                "test": "is_in_village",
                "subject": "self",
                "value": true
              }
            ]
          },
          "event": "minecraft:trigger_raid"
        }, 
                      {
        "filters": {
              "all_of": [
                {
            "test": "has_equipment",
                  "domain": "hand",
                  "subject":"self",
   "value": "mengxin:diamond_wand"
                }
              ]
            },
            "event": "diamond_wand"
          },    
                      {
        "filters": {
              "all_of": [
                {
            "test": "has_equipment",
                  "domain": "hand",
                  "subject":"self",
   "value": "mengxin:gold_wand"
                }
              ]
            },
            "event": "gold_wand"
          },    
                      {
        "filters": {
              "all_of": [
                {
            "test": "has_equipment",
                  "domain": "hand",
                  "subject":"self",
   "value": "mengxin:iron_wand"
                }
              ]
            },
            "event": "iron_wand"
          },    
                  {
        "filters": {
              "all_of": [
                {
            "test": "has_equipment",
                  "domain": "hand",
                  "subject":"self",
   "value": "mengxin:guard_wand"
                }
              ]
            },
            "event": "guard"
          },    
          {
        "filters": {
              "all_of": [
                {
            "test": "has_equipment",
                  "domain": "hand",
                  "subject":"self",
   "value": "mengxin:lightning_wand"
                }
              ]
            },
            "event": "lightning"
          },    
                      {                                   "filters": {
              "all_of": [
                {
            "test": "has_equipment",
                  "domain": "hand",
                  "subject":"self",
   "value": "mengxin:ender_wand1"
                }
              ]
            },
            "event": "enderwand3"
          },    
                          {                                   "filters": {
              "all_of": [
                {
            "test": "has_equipment",
                  "domain": "hand",
                  "subject":"self",
   "value": "mengxin:ender_wand"
                }
              ]
            },
            "event": "enderwand"
          },
                                  {                           "filters": {
              "all_of": [
                {
            "test": "has_equipment",
                  "domain": "hand",
                  "subject":"self",
   "value": "mengxin:ocean_wand"
                }
              ]
            },
            "event": "water_ray"
          },
                  {                                   "filters": {
              "all_of": [
                {
            "test": "has_equipment",
                  "domain": "hand",
                  "subject":"self",
   "value": "mengxin:blackholewand"
                }
              ]
            },
            "event": "blackholewand1"
          },
          {                                          "filters": {
              "all_of": [
                {
            "test": "has_equipment",
                  "domain": "hand",
                  "subject":"self",
   "value": "mengxin:firewand"
                }
              ]
            },
            "event": "firewand1"
          },
                                                         {                                          "filters": {
              "all_of": [
                {
            "test": "has_equipment",
                  "domain": "hand",
                  "subject":"self",
   "value": "mengxin:firewand1"
                }
              ]
            },
            "event": "firewand3"
          }]
        }
    },

    "events": {
/*.....你可真有耐心看到这里*/
       "一个有梦想的萌新":{
           "remove": {
          "component_groups": [                  "firewand1",
          "firewand2",
          "firewand3",
          "firewand4",
          "blackholewand1",
          "blackholewand_fire",
          "firewand_fire",
          "water_ray",
          "water_ray_fire",
          "enderwand",
          "ender_fire",
          "lightning_fire",
          "lightning",
          "diamond_wand",
          "gold_wand",
          "iron_wand"
         ]},
      "add":{"component_groups":[
          "一个有梦想的萌新"
          ]}
        },          
          "guard":{
           "remove": {
          "component_groups": [                  "一个有梦想的萌新",
          "firewand3",
          "firewand4",
          "firewand1",
          "blackholewand1",
          "water_ray",
          "yunshiwand",                          "enderwand",
          "lightning",
          "enderwand3",
          "diamond_wand",
          "gold_wand",
          "iron_wand"
         ]},
      "add":{"component_groups":[
          "guard"
          ]}
        },             
      "enderwand3":{
           "remove": {
          "component_groups": [                  "一个有梦想的萌新",
          "firewand3",
          "firewand4",
          "firewand1",
          "blackholewand1",
          "water_ray",
          "yunshiwand",                          "enderwand",
          "lightning",
          "diamond_wand",
          "gold_wand",
          "iron_wand"
         ]},
      "add":{"component_groups":[
          "enderwand3","ender_miss"
          ]}
        },                    
        "enderwand":{
           "remove": {
          "component_groups": [                  "一个有梦想的萌新",
          "firewand3",
          "firewand4",
          "firewand1",
          "blackholewand1",
          "water_ray",
          "yunshiwand",
          "enderwand3",
          "lightning",
          "diamond_wand",
          "gold_wand",
          "iron_wand"
         ]},
      "add":{"component_groups":[
          "enderwand"
          ]}
        },                                             "yunshiwand":{
           "remove": {
          "component_groups": [                  "一个有梦想的萌新",
          "firewand3",
          "firewand4",
          "firewand1",
          "blackholewand1",
          "water_ray",
          "lightning",
          "diamond_wand",
          "gold_wand",
          "iron_wand"
         ]},
      "add":{"component_groups":[
          "yunshiwand"
          ]}
        },                   "blackholewand1":{
           "remove": {
          "component_groups": [                  "一个有梦想的萌新",
          "firewand3",
          "firewand4",
          "firewand1",
          "enderwand",
          "lightning",
          "diamond_wand",
          "gold_wand",
          "iron_wand"
         ]},
      "add":{"component_groups":[
          "blackholewand1"
          ]}
        },
                        "firewand1":{
           "remove": {
          "component_groups": [                  "一个有梦想的萌新",
          "firewand3",
          "firewand4",
          "blackholewand1",
          "blackholewand_fire",
          "water_ray",
          "water_ray_fire",
          "enderwand",
          "lightning",
          "diamond_wand",
          "gold_wand",
          "iron_wand"
         ]},
      "add":{"component_groups":[
          "firewand1"
          ]}
        },                                  "firewand3":{
           "remove": {
          "component_groups": [                  "一个有梦想的萌新",
          "firewand1",
          "firewand2",
          "blackholewand1",
          "blackholewand_fire",
          "water_ray",
          "water_ray_fire",
          "enderwand",
          "lightning",
          "diamond_wand",
          "gold_wand",
          "iron_wand"
         ]},
      "add":{"component_groups":[
          "firewand3"
          ]}
        },      
            "lightning":{
           "remove": {
          "component_groups": [                  "一个有梦想的萌新",
          "firewand1","firewand2",
          "blackholewand1",
          "blackholewand_fire",
          "water_ray",
          "water_ray_fire",
          "firewand3",
          "firewand_fire",
          "enderwand",
          "water_ray",
          "diamond_wand",
          "gold_wand",
          "iron_wand"
         ]},
      "add":{"component_groups":[
"lightning"
          ]}
        },       
    "diamond_wand":{
           "remove": {
          "component_groups": [                  "一个有梦想的萌新",
          "firewand1","firewand2",
          "blackholewand1",
          "blackholewand_fire",
          "water_ray",
          "water_ray_fire",
          "firewand3",
          "firewand_fire",
          "enderwand",
          "lightning",
          "water_ray",
          "gold_wand",
          "iron_wand"
         ]},
      "add":{"component_groups":[
"diamond_wand"
          ]}
        },     
    "gold_wand":{
           "remove": {
          "component_groups": [                  "一个有梦想的萌新",
          "firewand1","firewand2",
          "blackholewand1",
          "blackholewand_fire",
          "water_ray",
          "water_ray_fire",
          "firewand3",
          "firewand_fire",
          "enderwand",
          "lightning",
          "diamond_wand",
          "water_ray",
          "iron_wand"
         ]},
      "add":{"component_groups":[
"gold_wand"
          ]}
        },     
    "iron_wand":{
           "remove": {
          "component_groups": [                  "一个有梦想的萌新",
          "firewand1","firewand2",
          "blackholewand1",
          "blackholewand_fire",
          "water_ray",
          "water_ray_fire",
          "firewand3",
          "firewand_fire",
          "enderwand",
          "lightning",
          "diamond_wand",
          "gold_wand",
          "water_ray"
         ]},
      "add":{"component_groups":[
"iron_wand"
          ]}
        },     
    "water_ray":{
           "remove": {
          "component_groups": [                  "一个有梦想的萌新",
          "firewand1","firewand2",
          "blackholewand1",
          "blackholewand_fire",
          "firewand3",
          "firewand_fire",
          "enderwand",
          "lightning",
          "diamond_wand",
          "gold_wand",
          "iron_wand"
         ]},
      "add":{"component_groups":[
          "water_ray"
          ]}
        },         
             "guard_miss":{
               "add":{"component_groups":[
          "guard_miss"
          ]}
        },         
             "de_guard_miss":{
               "remove":{"component_groups":[
          "guard_miss"
          ]},
               "add":{"component_groups":[
          "guard_delizi"
          ]}
        },        
                "de_guard_ex":{
           "remove": {
          "component_groups": [ "guard_guard","guard_miss"
         ]},
               "add":{"component_groups":[
          "de_guard_guard","guard_lizi"
          ]}
        },              
                "de_guard":{
           "remove": {
          "component_groups": [ "guard_guard","guard_miss"
         ]},
               "add":{"component_groups":[
          "de_guard_guard","guard_delizi"
          ]}
        },         
       "de_lizi":{
           "remove": {
          "component_groups": [ "guard_lizi","de_guard_guard"
         ]},
               "add":{"component_groups":[
          "guard_delizi"
          ]}
        },              
        "guard_guard":{
                   "remove": {
          "component_groups": [ "de_guard_guard"
         ]},
      "add":{"component_groups":[
          "guard_guard"
          ]}
        },   
        "guard_fire":{
      "add":{"component_groups":[
          "guard_fire"
          ]}
        },
        "guard_fire2":{
      "add":{"component_groups":[
          "guard_fire2"
          ]}
        },
        "de_firewand":{
           "remove": {
          "component_groups": [ "firewand_fire" 
         ]}
        },                                        "ender_ball_fire":{
      "add":{"component_groups":[
          "ender_ball_fire"
          ]}
        },
        "firewand_fire":{
      "add":{"component_groups":[
          "firewand_fire"
          ]}
        },
        "diamond_fire":{
      "add":{"component_groups":[
          "diamond_fire"
          ]}
        },
        "gold_fire":{
      "add":{"component_groups":[
          "gold_fire"
          ]}
        },
        "iron_fire":{
      "add":{"component_groups":[
          "iron_fire"
          ]}
        },
           "firewand2":{
      "add":{"component_groups":[
          "firewand2"
          ]}
        },
                                        "water_ray_fire":{
      "add":{"component_groups":[
          "water_ray_fire"
          ]}
        },
                   "yunshi_fire":{
      "add":{"component_groups":[
          "yunshi_fire"
          ]}
        },
                   "ender_fire":{
      "add":{"component_groups":[
          "ender_fire"
          ]}
        },
                                    "ender1":{
      "add":{"component_groups":[
          "ender1"
          ]}
        },        "de_ender1":{
           "remove": {
          "component_groups": [ "ender1" 
         ]}
        },        
                   "lightning_fire":{
      "add":{"component_groups":[
          "lightning_fire"
          ]}
        },
     "blackholewand_fire":{
      "add":{"component_groups":[
          "blackholewand_fire"
          ]}
        },
      "minecraft:gain_bad_omen": {
        "add": {
          "component_groups": [
            "minecraft:add_bad_omen"
          ]
        }
      },
      "minecraft:clear_add_bad_omen": {
        "remove": {
          "component_groups": [
            "minecraft:add_bad_omen"
          ]
        },
        "add": {
          "component_groups": [
            "minecraft:clear_bad_omen_spell_effect"
          ]
        }
      },
      "minecraft:trigger_raid": {
        "add": {
          "component_groups": [ "minecraft:raid_trigger" ]
        }
      },
      "minecraft:remove_raid_trigger": {
        "remove": {
          "component_groups": [ "minecraft:raid_trigger" ]
        }
      }
    }
  }
}
/*你还在看什么?没了!*/



