{
  "format_version": "1.12.0",
  "minecraft:entity": {
    "description": {
      "identifier": "mengxin:yunshi_spawn",
                      "animations": {
        "yunshi": "controller.animation.yunshi_spawn"},
              "scripts": {
        "animate": [
          "yunshi"
         ]
      },
            "is_spawnable": false,
      "is_summonable": false,
      "is_experimental": false
    },
         "component_groups": {},                 "components": {
                  "minecraft:fire_immune": true,
                   "minecraft:collision_box": {
        "width": 0.1,
        "height": 0.1
      },
          "minecraft:explode": {
     "fuse_length": 0.2,
     "fuse_lit": true,
     "power": 0,
     "causes_fire": true,
         "breaks_blocks": false,
     "fire_affected_by_griefing": true,
     "destroy_affected_by_griefing": true
    },
        "minecraft:health":{
      "value":1,
        "min":1,
        "max":1
         },        
               "minecraft:type_family": {
        "family": [ "blackhole" ]
      },
            "minecraft:physics": {
        "has_gravity": true,
        "has_collision": true
      },    "minecraft:damage_sensor": [
        {
          "cause": "all",
          "deals_damage": false
        }
      ]
         },                       "events": {}}}