{
  "format_version": "1.12.0",
 "minecraft:entity": {
  "description": {
    "identifier":"mengxin:yunshi",
                "animations": {
        "yunshi": "controller.animation.yunshi"},
              "scripts": {
        "animate": [
          "yunshi"
         ]
      },
    "is_spawnable": false,
    "is_summonable": true,
    "is_experimental": false,
    "runtime_identifier":"minecraft:snowball"
  },
/*陨石.....*/
  "component_groups": {
   "minecraft:exploding": {
    "minecraft:explode": {
     "fuse_length": 0,
     "fuse_lit": true,
     "power": 5,
     "causes_fire": true,
         "breaks_blocks": false,
     "fire_affected_by_griefing": true,
     "destroy_affected_by_griefing": true
    }
   }
  },

  "components": {
        "minecraft:type_family": {
        "family": [ "yunshi" ]
      },
   "minecraft:collision_box": {
    "width": 0.1,
    "height": 0.1
   },
   "minecraft:projectile": {
    "on_hit": {
      "impact_damage":{
        "damage": 30,
        "knockback": true,
        "catch_fire": true
      },
     "definition_event": {
      "affect_projectile": true,
      "event_trigger": {
         "event": "minecraft:explode",
          "target": "self"
      }
     },
             "particle_on_hit": {
            "particle_type": "lava",
            "num_particles": 20,
            "on_entity_hit": true,
            "on_other_hit": true
          }
    },
    "power": 0,
    "gravity": 0.2,
    "uncertainty_base": 0,
    "uncertainty_multiplier": 0,
    "anchor": 1,
    "offset": [ 0, 1.5, 0 ],
    "reflect_on_hurt": true,
    "catch_fire": true
   },
   "minecraft:physics": {
   },
   "minecraft:pushable": {
    "is_pushable": true,
    "is_pushable_by_piston": true
   }
  },
  "events": {
   "minecraft:explode": {
    "add": {
     "component_groups": [
      "minecraft:exploding"
     ]
    }
   }
  }
 }
}
/*陨石!*/