{
  "format_version": "1.12",
  "minecraft:recipe_shaped": {
    "description": {
    "identifier": "sw:chaos_sickle2"
    },

    
    "tags": [ "crafting_table" ],
    "pattern": [
      "C",
      "B",
      "D"
    ],
    "key": {
      "C": {
        "item": "rtcm:chaos_sickle_blade_icon"
      },
      "B": {
        "item": "minecraft:command_block"
      },
      "D": {
        "item": "rtcm:chaos_sickle_handle_icon"
      }
    },
    "result": {
      "item": "sw:chaos_sickle"
    }
  }
}
