{
  "format_version": "1.8.0",
  "minecraft:client_entity": {
    "description": {
      "identifier": "mengxin:blackholewand_ball",
      "materials": {
        "default": "slime"
      },
      "textures": {
      "default": "textures/entity/firewandball"
      },
            "geometry": {
        "default": "geometry.firewandball"
      },
            "particle_effects": {
        "firewandball": "mengxin:blackholewandball"
      },
            "animations": {
        "firewandball": "animation.firewandball.base_pose"
        
      },
      "animation_controllers": [
      { "firewandball": "controller.animation.firewandball.base_pose" }
      ],

          "render_controllers": [ "controller.render.zombie" ],
    "enable_attachables": true
    }}}