{
  "format_version": "1.8.0",
  "minecraft:client_entity": {
    "description": {
      "identifier": "mengxin:yunshi",
      "materials": {
        "default": "slime"
      },
      "textures": {
      "default": "textures/entity/yunshi"
      },
            "geometry": {
        "default": "geometry.yunshi"
      },
            "animations": {
        "yunshi_base_pose": "animation.yunshi.base_pose"
        
      },
      "animation_controllers": [
      { "yunshi_base_pose": "controller.animation.yunshi.base_pose" }
      ],

          "render_controllers": [ "controller.render.zombie" ],
    "enable_attachables": true
    }}}