{
  "format_version": "1.10.0",
  "particle_effect": {
    "description": {
      "identifier": "mengxin:ender_ball1",
      "basic_render_parameters": {
        "material": "particles_alpha",
        "texture": "textures/particle/particles"
      }
    },
    "components": {
      "minecraft:emitter_lifetime_looping": {
        "active_time": 3
      },
      "minecraft:emitter_rate_steady": {
        "spawn_rate": 500,
        "max_particles": 9999
      },
      "minecraft:emitter_shape_sphere": {
        "radius": 0
      },
            "minecraft:particle_initial_speed": "0",
      "minecraft:emitter_shape_point": {
        "direction": [ 0, 0, 0 ]
      },
      "minecraft:particle_lifetime_expression": {
    "max_lifetime": "Math.Random(0.3, 1.5)"
      },
"minecraft:particle_motion_dynamic": {  	"linear_acceleration": [ 0 ,0 ,0 ], 	"linear_drag_coefficient": 0.0,		    "rotation_drag_coefficient": 0.0         
      }, 
      "minecraft:particle_appearance_billboard": {
        "size": [
          "variable.particle_life = 3 - variable.particle_lifetime; return variable.particle_life * 0.1;",
          "variable.particle_life * 0.1"
        ],
        "facing_camera_mode": "lookat_xyz",
        "uv": {
          "texture_width": 128,
          "texture_height": 128,
          "flipbook": {
            "base_UV": [ 40, 0 ],
            "size_UV": [ 8, 8 ],
            "step_UV": [ 8, 0 ],
            "frames_per_second": 3,
            "max_frame": 3,
            "stretch_to_lifetime": true,
            "loop": false
          }
        }
      },
            "minecraft:particle_appearance_tinting": {
        "color": [ "Math.random(0.7176, 0.8745)", 0.0, "Math.random(0.8235, 0.9765)", 1.0 ]
      }
    }
  }
}