{
  "format_version": "1.10.0",
  "particle_effect": {
    "description": {
      "identifier": "mengxin:guard_treatment",
      "basic_render_parameters": {
        "material": "particles_alpha",
        "texture": "textures/entity/guardtreatment"
      }
    },
    "components": {
  "minecraft:emitter_rate_instant": {
        "num_particles": 1
      },
      "minecraft:emitter_lifetime_once": {
        "active_time": 5
      },
            "minecraft:particle_lifetime_expression": {
        "max_lifetime": "99"
      },
      "minecraft:emitter_local_space": {
        "position": true,
        "rotation": true
      },
      "minecraft:particle_appearance_billboard": {
        "size": [ 0.2, 0.2 ],
        "facing_camera_mode": "lookat_xyz",
            "uv": {
		"texturewidth": 17,     		    	"textureheight": 17,    
		"flipbook": {               			"base_UV": [ 0, 0 ],           			"size_UV": [ 17, 17 ],
        "step_UV": [ 0, 0 ],
        "frames_per_second": 1,
        "max_frame": 1,
        "stretch_to_lifetime": true,
             "loop": false         
    		}           
    	  }         
        }
      }
    }
  }

