{
  "format_version": "1.10.0",
  "particle_effect": {
    "description": {
      "identifier": "mengxin:water_ray",
      "basic_render_parameters": {
        "material": "particles_alpha",
        "texture": "textures/particle/particles"
      }
    },
    "components": {
      "minecraft:emitter_rate_steady": {
        "spawn_rate": 700,
        "max_particles": 99999
      },

      "minecraft:emitter_lifetime_looping": {
        "active_time": 1
      },

      "minecraft:emitter_shape_sphere": {
        "radius": 0.3,
        "direction": "outwards"
      },
            "minecraft:particle_initial_speed": "0.5",
      "minecraft:emitter_shape_point": {
        "direction": [ 0, 0, 0 ]
      },
      "minecraft:particle_lifetime_expression": {
    "max_lifetime": "Math.Random(0.3, 1.5)"
      },
"minecraft:particle_motion_dynamic": {  	"linear_acceleration": [ 0 ,0 ,0 ], 	"linear_drag_coefficient": 0.0,		    "rotation_drag_coefficient": 0.0         
      }, 
      "minecraft:particle_appearance_billboard": {
        "size": [
          "variable.particle_life = 3 - variable.particle_lifetime; return variable.particle_life * 0.1;",
          "variable.particle_life * 0.1"
        ],
        "facing_camera_mode": "lookat_xyz",
        "uv": {
          "texture_width": 128,
          "texture_height": 128,
          "uv": [ "24 + Math.mod(Math.Round(60 - (variable.particle_lifetime * 20)), 4) * 8", 8 ],
          "uv_size": [ 8, 8 ]
        }
      }
    }
  }
}