{
  "format_version": "1.10.0",
  "minecraft:client_entity": {
    "description": {
      "identifier": "effect:chaos_power",
      "materials": {
        "default": "arrow"
      },
      "textures": {
        "default": "entity/black"
      },
      "geometry": {
        "default": "geometry.ball"
      },
      "animations": {
        "move": "animation.chaos_power.move"
      },
      "particle_effects": {
        "a": "annihilation_effect"
      },
      "scripts": {
        "scale":"0.3",
        "pre_animation": [
          "variable.shake = query.shake_time - query.frame_alpha;",
          "variable.shake_power = variable.shake > 0.0 ? -Math.sin(variable.shake * 200.0) * variable.shake : 0.0;"
        ],
        "animate": [
          "move"
        ]
      },
      "render_controllers": [ "controller.render.arrow" ]
    }
  }
}
