{
  "format_version": "1.10.0",
  "minecraft:client_entity": {
    "description": {
      "identifier": "effect:spiral",
      "materials": {
        "charged": "chaos_charged"
      },
      "textures": {
        "charged": "models/entity/purple"
      },
      "geometry": {
        "charged": "geometry.ball"
      },
      "animations": {
        "a": "animation.spiral.a",
        "b": "animation.spiral.b",
        "c": "animation.spiral.c",
        "move": "animation.ChaosSickle.sweep.level10"
      },
      "particle_effects": {
        "a": "ender_spiral",
        "b": "red_spiral",
        "c": "bug_spiral"
      },
      "scripts": {
        "scale":"1.0",
        "pre_animation": [
          "variable.spiral = query.is_chested;",
          "variable.spiral_random = variable.spiral*Math.round(Math.random(1,3));"
        ],
        "animate": [
          {"a":"variable.spiral_random==1"},
          {"b":"variable.spiral_random==2"},
          {"c":"variable.spiral_random==3"},
          {"move":"query.is_powered==1"}
        ]
      },
      "render_controllers": [ "controller.render.creeper_armor" ]
    }
  }
}
