{
    "pools": [
        {
            "rolls": 1,
            "entries": [
                {
                    "type": "item",
                    "name": "minecraft:ender_pearl",
                    "weight": 1,
                    "functions": [
                        {
                            "function": "set_count",
                            "count": {
                                "min": 0,
                                "max": 1
                            }
                        },
                        {
                            "function": "looting_enchant",
                            "count": {
                                "min": 0,
                                "max": 1
                            }
                        }
                    ]
                }
            ]
        },
        {
            "conditions": [
                {
                    "condition": "killed_by_player"
                },
                {
                    "condition": "random_chance_with_looting",
                    "chance": 0.1,
                    "looting_multiplier": 0
                }
            ],            "rolls": 1,
            "entries": [
                {
                    "type": "item",
                    "name": "mengxin:blackhole_gem",
                    "weight": 1,
                                        "functions": [
                        {
                            "function": "set_count",
                            "count": {
                      "min": 1,
                      "max": 1
                            }
                        } ]
                }
            ]
        }
    ]
}