{
  "format_version": "1.16.100",
  "minecraft:block": {
    "description": {
      "identifier": "blackhole:dark_stone",
      "category": "Nature"
    },
    "components": {
      "minecraft:loot": "loot_tables/blocks/blackhole_dark_stone.json",
      "minecraft:destroy_time": 0.3,
      "minecraft:friction": 0.6,
      "minecraft:map_color": "#FFFFFF",
      "minecraft:explosion_resistance": 16.0,
      "minecraft:block_light_absorption": 0.0,
      "minecraft:block_light_emission": 0.0,
      "minecraft:on_player_destroyed": {
        "event": "remove:block",
        "target": "self"
      },
      "minecraft:material_instances": {
        "*": {
          "texture": "blackhole:dark_stone",
          "render_method": "blend"
        }
      },
      "minecraft:on_step_on": {
        "event": "step:on",
        "target": "self"
      },
      "minecraft:on_step_off": {
        "event": "step:off",
        "target": "self"
      },
      "minecraft:on_placed": {
        "event": "size:block",
        "target": "self"
      },
      "minecraft:random_ticking": {
        "on_tick": {
          "event": "random:tick",
          "target": "self"
        }
      },
      "minecraft:on_fall_on": {
        "event": "fall:on",
        "target": "self"
      },
      "minecraft:ticking": {
        "looping": true,
        "range": [
          10,
          10
        ],
        "on_tick": {
          "event": "on_tick",
          "target": "self"
        }
      },
      "minecraft:preventsjumping": true,
      "minecraft:creative_category": {
        "category": "Nature"
      }
    },
    "events": {
      "step:on": {
        "run_command": {
          "command": []
        }
      },
      "step:off": {
        "run_command": {
          "command": []
        }
      },
      "on_tick": {
        "run_command": {
          "command": []
        }
      },
      "size:block": {
        "run_command": {
          "command": []
        }
      },
      "random:tick": {
        "run_command": {
          "command": []
        }
      },
      "remove:block": {
        "randomize": [
          {
            "run_command": {
              "command": [
                "function dark_stone"
              ]
            },
            "weight": 1
          },
          {
            "run_command": {
              "command": [
                "function no1"
              ]
            },
            "weight": 1
          },
          {
            "run_command": {
              "command": [
                "function no2"
              ]
            },
            "weight": 1
          },
          {
            "run_command": {
              "command": [
                "function no3"
              ]
            },
            "weight": 1
          },
          {
            "run_command": {
              "command": [
                "function no4"
              ]
            },
            "weight": 1
          },
          {
            "run_command": {
              "command": [
                "function no5"
              ]
            },
            "weight": 1
          },
          {
            "run_command": {
              "command": [
                "function no6"
              ]
            },
            "weight": 1
          },
          {
            "run_command": {
              "command": [
                "function no7"
              ]
            },
            "weight": 1
          },
          {
            "run_command": {
              "command": [
                "function no8"
              ]
            },
            "weight": 1
          },
          {
            "run_command": {
              "command": [
                "function no9"
              ]
            },
            "weight": 1
          }
        ]
      },
      "fall:on": {
        "run_command": {
          "command": []
        }
      }
    },
    "permutations": [
      {
        "condition": "query.block_property('block:rotation') == 2",
        "components": {
          "minecraft:rotation": [
            0,
            0,
            0
          ]
        }
      },
      {
        "condition": "query.block_property('block:rotation') == 3",
        "components": {
          "minecraft:rotation": [
            0,
            -180,
            0
          ]
        }
      },
      {
        "condition": "query.block_property('block:rotation') == 4",
        "components": {
          "minecraft:rotation": [
            0,
            90,
            0
          ]
        }
      },
      {
        "condition": "query.block_property('block:rotation') == 5",
        "components": {
          "minecraft:rotation": [
            0,
            -90,
            0
          ]
        }
      }
    ]
  }
}