{
  "format_version": "1.10.0",
  "animation_controllers": {
    "controller.animation.blackhole_blackhole_bow_1": {
      "initial_state": "preshoot",
      "states": {
        "preshoot": {
          "transitions": [
            {
              "shoot": "q.get_equipped_item_name(0) == 'blackhole_bow_1' && q.is_using_item"
            }
          ]
        },
        "shooting": {
          "on_entry": [
            "v.delaytime = q.life_time;"
          ],
          "transitions": [
            {
              "preshoot": "q.get_equipped_item_name(0) != 'blackhole_bow_1' || !q.is_using_item"
            },
            {
              "shoot": "q.get_equipped_item_name(0) != 'blackhole_bow_1' || !q.is_using_item"
            }
          ]
        },
        "shoot": {
          "on_entry": [
            "@s blackhole:blackhole_bow_1_fire",
            "/playsound blackhole_blackhole_bow_1_shot"
          ],
          "transitions": [
            {
              "shooting": "1.0"
            }
          ],
          "on_exit": [
            "v.bullet_fire = q.life_time;",
            "/function blackhole_bow_charge_1"
          ]
        }
      }
    }
  }
}