{
  "format_version": "1.10.0",
  "particle_effect": {
    "description": {
      "identifier": "annihilation_effect",
      "basic_render_parameters": {
        "material": "particles_blend",
        "texture": "particles/dark_fog"
      }
    },
    "components": {
      "minecraft:emitter_local_space": {
        "position": true,
        "rotation": true
      },
      "minecraft:emitter_rate_steady": {
        "spawn_rate": "Math.random(15, 25)",
        "max_particles": 10
      },
      "minecraft:emitter_lifetime_expression": {
        "activation_expression": 1,
        "expiration_expression": 0
      },
      "minecraft:emitter_shape_entity_aabb": {
        "direction": [ 0, 0, 0 ]
      },
      "minecraft:particle_initial_speed": "Math.random(0, 1)",
      "minecraft:particle_lifetime_expression": {
        "max_lifetime": 0.3
      },
      "minecraft:particle_motion_dynamic": {
        "linear_acceleration": [ 0, 0.0, 0 ],
        "linear_drag_coefficient": 0.0
      },
      "minecraft:particle_appearance_billboard": {
        "size": [ "variable.particle_random_1 * variable.particle_random_2 * 0.3 + 0.1", "variable.particle_random_1 * variable.particle_random_2 * 0.3 + 0.1" ],
        "facing_camera_mode": "lookat_xyz",
        "uv": {
          "texture_width": 782,
          "texture_height": 138,
          "flipbook": {
            "base_UV": [ 0, 0 ],
            "size_UV": [ 138, 138 ],
            "step_UV": [ 138, 0 ],
            "frames_per_second": 6,
            "max_frame": 6,
            "stretch_to_lifetime": true,
            "loop": false
          }
        }
      }
    }
  }
}
