{
  "format_version": "1.10.0",
  "particle_effect": {
    "description": {
      "identifier": "ender_spiral",
      "basic_render_parameters": {
        "material": "particles_alpha",
        "texture": "particles/ender_effect"
      }
    },
    "components": {
      "minecraft:emitter_local_space": {
        "position": true,
        "rotation": true
      },
      "minecraft:emitter_rate_steady": {
        "spawn_rate": "Math.random(38, 48)",
        "max_particles": 180
      },
      "minecraft:particle_lifetime_expression": {
        "max_lifetime": "Math.random(3.0, 4.0)"
      },
      "minecraft:particle_motion_parametric": {
        "relative_position": [
          "Math.cos((variable.particle_age * 360) + (variable.particle_random_1 * 360))",
          "variable.particle_age*3",
          "Math.sin((variable.particle_age * 360) + (variable.particle_random_1 * 360))"
        ]
      },
      "minecraft:emitter_shape_entity_aabb": {
        "direction": [ 0, 1, 0 ]
      },
      "minecraft:particle_initial_speed": "Math.random(0, 1)",
      "minecraft:emitter_lifetime_once": {
        "active_time": 10
      },
      "minecraft:emitter_shape_point": {
      },
      "minecraft:particle_motion_dynamic": {
        "linear_acceleration": [ 0, 1.0, 0 ],
        "linear_drag_coefficient": 0.0
      },
      "minecraft:particle_appearance_billboard": {
        "size": [ 0.15, 0.15 ],
        "facing_camera_mode": "lookat_xyz",
        "uv": {
          "texture_width": 1,
          "texture_height": 1,
          "flipbook": {
            "base_UV": [ 0, 0 ],
            "size_UV": [ 1, 1 ],
            "step_UV": [ 0, 0 ],
            "frames_per_second": 1,
            "max_frame": 1,
            "stretch_to_lifetime": true,
            "loop": false
          }
        }
      }
    }
  }
}
