{
  "format_version": "1.10.0",
  "particle_effect": {
    "description": {
      "identifier": "ender_effect",
      "basic_render_parameters": {
        "material": "particles_alpha",
        "texture": "particles/ender_effect"
      }
    },
    "components": {
      "minecraft:emitter_rate_steady": {
        "spawn_rate": 50,
        "max_particles": 100
      },

      "minecraft:emitter_lifetime_looping": {
        "active_time": 1
      },
			"minecraft:emitter_shape_disc": {
				"offset": [0, 0.4, 0],
				"radius": 1
			},

      "minecraft:particle_initial_speed": "(Math.Random(1, 3) + Math.Random(1, 3) + 1) * 0.6",

      "minecraft:particle_lifetime_expression": {
        "max_lifetime": "Math.Random(0.5, 1.0)"
      },
	"minecraft:particle_motion_dynamic": {
		"linear_acceleration": ["(variable.particle_random_1-0.5)", 0.4, "(variable.particle_random_1-0.5)"]
		},
      "minecraft:particle_motion_collision": {
        "collision_radius": 0.2
      },

      "minecraft:particle_appearance_billboard": {
        "size": [ 0.15, 0.15 ],
        "facing_camera_mode": "lookat_xyz",

        "uv": {
          "texture_width": 16,
          "texture_height": 16,
"uv": [ 0, 0 ],
          "uv_size": [ 16, 16 ]
        }
      },

      "minecraft:particle_appearance_lighting": {}
    }
  }
}
