{
  "format_version": "1.10.0",
  "particle_effect": {
    "description": {
      "identifier": "103_judgenent_eye",
      "basic_render_parameters": {
        "material": "particles_blend",
        "texture": "particles/judgenent_eye"
      }
    },
    "components": {
      "minecraft:emitter_rate_manual": {
        "max_particles": 100
      },
      "minecraft:emitter_lifetime_expression": {
        "activation_expression": 1,
        "expiration_expression": 0
      },
"minecraft:emitter_shape_sphere":{
"radius":0.1,
"offset":[0, 0, 0],
"direction":[0, -0.2, 0]
},
      "minecraft:emitter_shape_point": {
        "direction": [ 0.0, 0.0, 0.0 ]
      },
      "minecraft:particle_initial_speed": 0.0,
      "minecraft:particle_lifetime_expression": {
        "max_lifetime": "Math.random(3, 4)"
      },
      "minecraft:particle_motion_dynamic": {
        "linear_acceleration": [ 0, 0.2, 0 ],
        "linear_drag_coefficient": 0.49
      },
      "minecraft:particle_appearance_tinting": {
        "color": [ "variable.color", "variable.color * 0.3", "variable.color * 0.9", 1.0 ]
      },
      "minecraft:particle_appearance_billboard": {
        "size": [ "(variable.particle_random_1 * 0.15f + 0.15f) * 0.1", "(variable.particle_random_1 * 0.15f + 0.15f) * 0.2" ],
        "facing_camera_mode": "lookat_xyz",
        "uv": {
          "texture_width": 782,
          "texture_height": 138,
          "flipbook": {
            "base_UV": [ 0, 0 ],
            "size_UV": [ 782, 138 ],
            "step_UV": [ 1, 0 ],
            "frames_per_second": 6,
            "max_frame": 6,
            "stretch_to_lifetime": true,
            "loop": false
          }
        }
      }
    }
  }
}
