{
  "resource_pack_name": "vanilla",
  "texture_name": "atlas.terrain",
  "padding": 8,
  "num_mip_levels": 4,
  "texture_data": {
    "magic_table_bottom": {
      "textures": "textures/blocks/magic_table_bottom"
    },
    "magic_table_side": {
      "textures": "textures/blocks/magic_table_side"
    },
    "magic_table_top": {
      "textures": "textures/blocks/magic_table_top"
    },
    "chaos_sickle": {
      "textures": "items/chaos_sickle2"
    },
    "chaos_sickle_blade": {
      "textures": "items/chaos_sickle_blade"
    },
    "chaos_sickle_handle": {
      "textures": "items/chaos_sickle_handle"
    },
    "chaos_spar": {
      "textures": "items/chaos_spar"
    },
      "chaos_spar_ore": {
      "textures": "textures/blocks/chaos_spar_ore"
    },
      "null": {
      "textures": "null"
    }

  }
}