{
  "format_version": "1.10.0",
  "minecraft:client_entity": {
    "description": {
      "identifier": "blackhole:white_hole_cube",
      "materials": {
        "default": "slime",
        "outer": "slime_outer"
      },
      "textures": {
        "default": "textures/entity/pamobile/blackhole_white_hole_cube"
      },
      "geometry": {
        "default": "geometry.blackhole_white_hole_cube",
        "armor": "geometry.slime.armor"
      },
      "scripts": {
        "pre_animation": [
          "variable.horizontal_scale_amount = 2;",
          "variable.vertical_scale_amount = 2;"
        ],
        "scaleX": "variable.horizontal_scale_amount",
        "scaleY": "variable.vertical_scale_amount",
        "scaleZ": "variable.horizontal_scale_amount"
      },
      "render_controllers": [
        "controller.render.slime",
        "controller.render.slime_armor"
      ],
      "spawn_egg": {
        "texture": "blackhole:white_hole_cube",
        "texture_index": 0
      }
    }
  }
}