{
  "format_version": "1.10",
  "minecraft:item": {
    "description": {
      "identifier": "blackhole:indigo_pie",
      "category": "items"
    },
    "components": {
      "minecraft:hand_equipped": false,
      "minecraft:max_stack_size": 25,
      "minecraft:foil": true,
      "minecraft:stack_by_data": true,
      "minecraft:food": {
        "saturation_modifier": "high",
        "nutrition": 20,
        "can_always_eat": true,
        "effects": [
          {
            "name": "regeneration",
            "chance": 30,
            "duration": 240,
            "amplifier": 30
          }
        ],
        "remove_effects": [
          "poison",
          "wither"
        ]
      },
      "minecraft:use_duration": 25
    }
  }
}