{
  "format_version": "1.16.0",
  "minecraft:item": {
    "description": {
      "identifier": "blackhole:rainbow_dark_shard",
      "category": "items"
    },
    "components": {
      "minecraft:hand_equipped": false,
      "minecraft:max_stack_size": 64,
      "minecraft:foil": false,
      "minecraft:stack_by_data": true,
      "minecraft:icon": {
        "texture": "blackhole:rainbow_dark_shard"
      },
      "minecraft:display_name": {
        "value": "Rainbow Dark Shard"
      }
    }
  }
}