{
  "format_version": "1.16.100",
  "minecraft:item": {
    "description": {
      "identifier": "blackhole:hole_bag",
      "category": "items"
    },
    "components": {
      "minecraft:hand_equipped": false,
      "minecraft:max_stack_size": 1,
      "minecraft:foil": true,
      "minecraft:icon": {
        "texture": "blackhole:hole_bag"
      },
      "minecraft:display_name": {
        "value": "Hole Bag"
      },
      "minecraft:cooldown": {
        "category": "hole_bag",
        "duration": 1
      },
      "minecraft:on_use": {
        "on_use": {
          "event": "on_use_event"
        }
      }
    },
    "events": {
      "on_use_event": {
        "swing": {},
        "randomize": [
          {
            "run_command": {
              "command": [
                "function redhole"
              ]
            },
            "weight": 1
          },
          {
            "run_command": {
              "command": [
                "function orangehole"
              ]
            },
            "weight": 1
          },
          {
            "run_command": {
              "command": [
                "function yellowhole"
              ]
            },
            "weight": 1
          },
          {
            "run_command": {
              "command": [
                "function greenhole"
              ]
            },
            "weight": 1
          },
          {
            "run_command": {
              "command": [
                "function bluehole"
              ]
            },
            "weight": 1
          },
          {
            "run_command": {
              "command": [
                "function indigohole"
              ]
            },
            "weight": 1
          },
          {
            "run_command": {
              "command": [
                "function violethole"
              ]
            },
            "weight": 1
          },
          {
            "run_command": {
              "command": [
                "function whitehole"
              ]
            },
            "weight": 1
          },
          {
            "run_command": {
              "command": [
                "function blackhole"
              ]
            },
            "weight": 1
          },
          {
            "run_command": {
              "command": [
                "function rainbowhole"
              ]
            },
            "weight": 1
          }
        ]
      },
      "hurt": {
        "damage": {
          "type": "magic",
          "amount": 1,
          "target": "self"
        }
      }
    }
  }
}