{
  "format_version": "1.16.100",
  "minecraft:item": {
    "description": {
      "identifier": "blackhole:infinity_hots",
      "category": "items"
    },
    "components": {
      "minecraft:hand_equipped": false,
      "minecraft:max_stack_size": 1,
      "minecraft:foil": true,
      "minecraft:icon": {
        "texture": "blackhole:infinity_hots"
      },
      "minecraft:display_name": {
        "value": "Infinity Heart Of The Sea"
      },
      "minecraft:cooldown": {
        "category": "infinity_hots",
        "duration": 300
      },
      "minecraft:on_use": {
        "on_use": {
          "event": "on_use_event"
        }
      }
    },
    "events": {
      "on_use_event": {
        "swing": {},
        "run_command": {
          "command": [
            "function heart_of_the_sea"
          ]
        }
      },
      "hurt": {
        "damage": {
          "type": "magic",
          "amount": 1,
          "target": "self"
        }
      }
    }
  }
}