{
  "resource_pack_name": "vanilla",
  "texture_name": "atlas.items",
  "texture_data": {
      "firewand":{
      "textures": 
        "textures/items/firewand"
    },
      "firewand1":{
      "textures": 
        "textures/items/firewand"
    },
      "blackholewand":{
      "textures": 
        "textures/items/blackholewand"
    },
      "ocean":{
      "textures": 
        "textures/items/water"
    },
      "yunshiwand1":{
      "textures": 
        "textures/items/yunshiwand"
    },
       "enderwand":{
      "textures": 
        "textures/items/enderwand"
    },
       "lightning":{
      "textures": 
        "textures/items/lightning"
    },
       "guardwand":{
      "textures": 
        "textures/items/guardwand"
    },
      "diamond_wand":{
      "textures": 
        "textures/items/diamond_wand"
    },
      "gold_wand":{
      "textures": 
        "textures/items/gold_wand"
    },
      "iron_wand":{
      "textures": 
        "textures/items/iron_wand"
    },
       "fire_core":{
      "textures": 
        "textures/items/2fire_core"
    },
       "blackhole_core":{
      "textures": 
        "textures/items/2blackhole_core"
    },
       "ocean_core":{
      "textures": 
        "textures/items/2ocean_core"
    },
       "yunshi_core":{
      "textures": 
        "textures/items/2yunshi_core"
    },
       "ender_core":{
      "textures": 
        "textures/items/2ender_core"
    },
       "lightning_core":{
      "textures": 
        "textures/items/2lightning_core"
    },
       "light_core":{
      "textures": 
        "textures/items/2light_core"
    },
       "diamond_core":{
      "textures": 
        "textures/items/diamond_core"
    },
       "gold_core":{
      "textures": 
        "textures/items/gold_core"
    },
       "iron_core":{
      "textures": 
        "textures/items/iron_core"
    },
       "fire_gem":{
      "textures": 
        "textures/items/1fire_gem"
    },
       "blackhole_gem":{
      "textures": 
        "textures/items/1blackhole_gem"
    },
       "ocean_gem":{
      "textures": 
        "textures/items/1ocean_gem"
    },
       "yunshi_gem":{
      "textures": 
        "textures/items/1yunshi_gem"
    },
       "ender_gem":{
      "textures": 
        "textures/items/1ender_gem"
    },
       "lightning_gem":{
      "textures": 
        "textures/items/1lightning_gem"
    },
       "light_gem":{
      "textures": 
        "textures/items/1light_gem"
    },
       "blank_core":{
      "textures": 
        "textures/items/2blank_core"
    },
          "yunshiore":{
      "textures": 
        "textures/items/yunshi1"
    }
  }
}