{
  "id": "1635638441128",
  "name": "black hole",
  "pools": [
    {
      "rolls": 4,
      "entries": [
        {
          "type": "item",
          "weight": 1,
          "name": "blackhole:whitehole",
          "functions": [
            {
              "function": "set_count",
              "count": {
                "min": 3,
                "max": 5
              }
            },
            {
              "function": "set_data",
              "data": 0
            }
          ]
        },
        {
          "type": "item",
          "weight": 1,
          "name": "blackhole:purplehole",
          "functions": [
            {
              "function": "set_count",
              "count": {
                "min": 5,
                "max": 7
              }
            },
            {
              "function": "set_data",
              "data": 0
            }
          ]
        },
        {
          "type": "item",
          "weight": 1,
          "name": "blackhole:blackhole",
          "functions": [
            {
              "function": "set_count",
              "count": {
                "min": 3,
                "max": 5
              }
            },
            {
              "function": "set_data",
              "data": 0
            }
          ]
        },
        {
          "type": "item",
          "weight": 1,
          "name": "blackhole:dark_shard",
          "functions": [
            {
              "function": "set_count",
              "count": {
                "min": 8,
                "max": 10
              }
            },
            {
              "function": "set_data",
              "data": 0
            }
          ]
        }
      ]
    }
  ]
}