{
  "format_version": "1.8.0",
  "animations": {
    "animation.spiral.tractor": {
      "timeline": {
      "0.0": [
      "/function spiral_tractor",
      "/execute @a[m=!creative,r=128] ~ ~ ~ tag @a[r=128] add survival_mode",
      "/execute @a[m=creative,r=128] ~ ~ ~ tag @a remove survival_mode"
      ],
      "3.5": [
      "/kill @e[tag=!chaos_sickle,r=55]",
      "/execute @a[m=!creative,r=128] ~ ~ ~ tag @a[r=128] add survival_mode",
      "/execute @a[m=creative,r=128] ~ ~ ~ tag @a remove survival_mode"
      ]
      },
      "animation_length": 3.51,
      "loop":true
    },
    "animation.chaos_sickle.skill": {
      "timeline": {
      "0.0": [
"/execute @e[tag=!chaos_sickle] ~ ~ ~ summon lightning_bolt ~ ~ ~ ",
"/execute @e[tag=!chaos_sickle] ~ ~ ~ summon effect:spiral ~ ~ ~ "
      ],
      "0.1": [
      "/execute @e[tag=!chaos_sickle] ~ ~ ~ summon effect:chaos_power ~ ~ ~ dark_boom"
      ]
      },
      "animation_length": 0.11,
      "loop":false
    },
    "animation.chaos_sickle.sweep.level10": {
      "timeline": {
      "0.0": [
      "/summon effect:giant_sweep",
      "@s level0"
      ],
      "0.0833": [
      "/summon effect:chaos_sweep ^ ^1.8 ^1.5"
      ],
      "0.1667": [
      "/execute @e[tag=!chaos_sickle,type=!item,r=10] ~ ~ ~ summon effect:level"
      ]
      },
      "animation_length": 0.17,
      "loop":true
    },
    "animation.level10": {
      "timeline": {
      "0.0": [
      "/execute @s[lm=10,l=999999] ~ ~ ~ tag @s add level10"
      ],
      "0.1": [
      "/execute @s[tag=level10] ~ ~ ~ tag @s remove level10"
      ]
      },
      "animation_length": 0.11,
      "loop":true
    },
    "animation.chaos_sickle": {
      "timeline": {
      "0.0": [
      //"@s chaos_sickle",
      "/tag @s add chaos_sickle",
      "/particle 103_bug3 ^ ^-1 ^-0.5",
      "/particle 103_error2 ^ ^-1 ^-0.5"
      ]
      },
      "animation_length": 0.1,
      "loop":true
    },
    
    "animation.chaos_sickle.sweep": {
      "timeline": {
      "0.0": [
"/playsound sweep @a[r=10] ~ ~ ~ 5 1 1",
"/summon effect:chaos_sweep ^ ^1.5 ^1.8",
"/particle chaos_sweep1 ^ ^1.5 ^1.8"
      ],
      "0.1": [
"/playsound sweep @a[r=10] ~ ~ ~ 5 1 1",
"/particle chaos_sweep2 ^ ^1.5 ^1.8",
"/execute @e[tag=!chaos_sickle,type=!item,r=10] ~ ~ ~ summon effect:level"
      ]
      },
      "animation_length": 0.11,
      "loop":false
    }
    
  }
}