{
  "format_version": "1.10.0",
  "minecraft:block": {
    "description": {
      "identifier": "rtcm:chaos_spar_icon",
      "register_to_creative_menu": true,
      "is_experimental": false
    },
    "components": {
      "minecraft:destroy_time": {
        "value": 0
      },
      "minecraft:block_light_absorption": {
        "value": 0.0
      },
            "minecraft:block_light_emission": {
                "emission": 0.0
            },
      "minecraft:map_color": {
        "color": "#0000ff"
      },
      "minecraft:explosion_resistance": {
        "value":  0
      }
    }
  }
}