{
   "format_version":"1.8.0",
     "minecraft:entity":{
       "description":{
       "identifier":"effect:spiral",
       "is_spawnable":false,
       "is_summonable":true,
       "is_experimental":false,
      "scripts":{"animate":["tractor"]},
"animations":{
"tractor":"animation.spiral.tractor"
}
     },
       "component_groups":{
         "a":{
         "minecraft:is_charged":{}
       }
     },
       "components":{
       "minecraft:is_chested":{},
           "minecraft:explode":{
           "fuseLength":4.1,
           "fuseLit":true,
           "power":0,
           "causesFire":true,
           "fireAffectedByGriefing":true,
           "destroyAffectedByGriefing":true,
           "breaks_blocks":false
         },
         "minecraft:damage_sensor":[
           {
           "cause":"all",
           "deals_damage":false
         }
       ],
    "minecraft:health":{
"value":100,
"min":100,
"max":100
},
         "minecraft:type_family":{
           "family":[
           "sweep"
         ]
       },
         "minecraft:collision_box":{
         "width":0.25,
         "height":0.25
       },
         "minecraft:scale":{
         "value":0.5
       },
      "minecraft:behavior.knockback_roar": {
        "duration": 0.1,
        "attack_time": 0.1,
        "cooldown_time": 0.0,
        "knockback_strength": -3,
        "knockback_damage": 5,
        "knockback_range": 128,
        "knockback_filters": {
          "any_of": [
            {
              "test": "is_family",
              "subject": "other",
              "operator": "!=",
              "value": "player"
            },
            {
              "test": "has_tag",
              "subject": "other",
              "operator": "==",
              "value": "survival_mode"
            }
          ],
          "all_of": [
            {
              "test": "is_family",
              "subject": "other",
              "operator": "!=",
              "value": "chaos_sickle"
            }
          ]
        },
        "damage_filters": {
          "test": "is_family",
          "subject": "other",
          "operator": "!=",
          "value": "chaos_sickle"
        }
      },
         "minecraft:physics":{
         "has_gravity":false
       }
     },
       "events":{
         "a":{
           "add":{
             "component_groups":[
             "a"
           ]
         }
       },
         "minecraft:entity_spawned":{
       }
     }
   }
 }