{"format_version":"1.8.0",
"animation_controllers":{

"controller.animation.chaos_sickle.holding":{
"states":{
"base":{"transitions":[
{"chaos_sickle":"query.get_equipped_item_name=='chaos_sickle'"}
],
"on_entry":[
"/titleraw @s clear",
"/tag @s remove chaos_sickle",
"/ability @s[m=!creative] mayfly false"
]
},
"chaos_sickle":{"transitions":[
{"base":"query.get_equipped_item_name!='chaos_sickle'"}
],
"on_entry":[
"/ability @s[m=!creative] mayfly true",
"/playsound music.game.nether @a[r=20] ~ ~ ~ 1 1"
],
"animations": [
{"value_cooling":[]}
]
}


}
}











}
}