{
  "format_version": "1.8.0",
  "animation_controllers": {
      "controller.animation.ChaosSickle.effect": {
      "states": {
        "default": {
        "transitions": [
        { "effect": "query.get_equipped_item_name=='chaos_sickle'" }
        ]
        },
        "effect": {
        "particle_effects": [
        {"effect":"bug"},
        {"effect":"bug2","locator":"s"},
        {"effect":"dark","locator":"s"},
        {"effect":"dark2","locator":"s"},
        {"effect":"dark","locator":"s5"},
        {"effect":"dark2","locator":"s5"},
        {"effect":"error"}
        ],
        "transitions": [ { "default": "query.get_equipped_item_name!='chaos_sickle'" } ]
        }
        
      }
    }
  }
}
