{
  "blackhole:blackhole_block": {
    "textures": "blackhole_blackhole_block",
    "sound": "slime"
  },
  "blackhole:compress_torch": {
    "textures": "blackhole_compress_torch",
    "sound": "wood"
  },
  "blackhole:compress_blackhole": {
    "textures": "blackhole_compress_blackhole",
    "sound": "stone"
  },
  "blackhole:compress_whitehole": {
    "textures": "blackhole_compress_whitehole",
    "sound": "stone"
  },
  "blackhole:mob_teleporter": {
    "textures": "blackhole_mob_teleporter",
    "sound": "stone"
  },
  "blackhole:compress_dark_shard": {
    "textures": "blackhole_compress_dark_shard",
    "sound": "stone"
  },
  "blackhole:blackhole_glass": {
    "textures": "blackhole_blackhole_glass",
    "sound": "glass"
  },
  "blackhole:compress_violethole": {
    "textures": "blackhole_compress_violethole",
    "sound": "stone"
  },
  "blackhole:compress_redhole": {
    "textures": "blackhole_compress_redhole",
    "sound": "stone"
  },
  "blackhole:compress_greenhole": {
    "textures": "blackhole_compress_greenhole",
    "sound": "stone"
  },
  "blackhole:compress_yellowhole": {
    "textures": "blackhole_compress_yellowhole",
    "sound": "stone"
  },
  "blackhole:compress_indigohole": {
    "textures": "blackhole_compress_indigohole",
    "sound": "stone"
  },
  "blackhole:compress_rainbowhole": {
    "textures": "blackhole_compress_rainbowhole",
    "sound": "stone"
  },
  "blackhole:compress_rainbow_dark_shard": {
    "textures": "blackhole_compress_rainbow_dark_shard",
    "sound": "stone"
  },
  "blackhole:compress_bluehole": {
    "textures": "blackhole_compress_bluehole",
    "sound": "stone"
  },
  "blackhole:compress_orangehole": {
    "textures": "blackhole_compress_orangehole",
    "sound": "stone"
  },
  "blackhole:hole_giver": {
    "textures": "blackhole_hole_giver",
    "sound": "stone"
  },
  "blackhole:mob_killer": {
    "textures": "blackhole_mob_killer",
    "sound": "cloth"
  },
  "blackhole:dark_stone": {
    "textures": "blackhole_dark_stone",
    "sound": "stone"
  },
  "blackhole:blackhole_trap": {
    "textures": {
      "up": "blackhole_blackhole_trap_up",
      "down": "blackhole_blackhole_trap_down",
      "side": "blackhole_blackhole_trap_side"
    },
    "sound": "anvil"
  },
  "blackhole:blackhole_trap_second": {
    "textures": {
      "up": "blackhole_blackhole_trap_second_up",
      "down": "blackhole_blackhole_trap_second_down",
      "side": "blackhole_blackhole_trap_second_side"
    },
    "sound": "anvil"
  },
  "blackhole:blackhole_trap_poison": {
    "textures": {
      "up": "blackhole_blackhole_trap_poison_up",
      "down": "blackhole_blackhole_trap_poison_down",
      "side": "blackhole_blackhole_trap_poison_side"
    },
    "sound": "anvil"
  },
  "blackhole:slower": {
    "textures": {
      "up": "blackhole_slower_up",
      "down": "blackhole_slower_down",
      "side": "blackhole_slower_side"
    },
    "sound": "glass"
  },
  "blackhole:speeder": {
    "textures": {
      "up": "blackhole_speeder_up",
      "down": "blackhole_speeder_down",
      "side": "blackhole_speeder_side"
    },
    "sound": "glass"
  },
  "blackhole:blackhole_trap_second_poison": {
    "textures": {
      "up": "blackhole_blackhole_trap_second_poison_up",
      "down": "blackhole_blackhole_trap_second_poison_down",
      "side": "blackhole_blackhole_trap_second_poison_side"
    },
    "sound": "anvil"
  },
  "blackhole:blackhole_seed": {
    "textures": "blackhole_blackhole_seed_stage_0",
    "sound": "grass"
  },
  "format_version": [
    1,
    1,
    0
  ]
}